-- begin_signature
-- ram
-- end_signature
WIDTH=12;
DEPTH=8192;

ADDRESS_RADIX=UNS;
DATA_RADIX=BIN;

CONTENT BEGIN
	8191 :	XXXXXXXXXXXX;
	8190 :	XXXXXXXXXXXX;
	8189 :	XXXXXXXXXXXX;
	8188 :	XXXXXXXXXXXX;
	8187 :	XXXXXXXXXXXX;
	8186 :	XXXXXXXXXXXX;
	8185 :	XXXXXXXXXXXX;
	8184 :	XXXXXXXXXXXX;
	8183 :	XXXXXXXXXXXX;
	8182 :	XXXXXXXXXXXX;
	8181 :	XXXXXXXXXXXX;
	8180 :	XXXXXXXXXXXX;
	8179 :	XXXXXXXXXXXX;
	8178 :	XXXXXXXXXXXX;
	8177 :	XXXXXXXXXXXX;
	8176 :	XXXXXXXXXXXX;
	8175 :	XXXXXXXXXXXX;
	8174 :	XXXXXXXXXXXX;
	8173 :	XXXXXXXXXXXX;
	8172 :	XXXXXXXXXXXX;
	8171 :	XXXXXXXXXXXX;
	8170 :	XXXXXXXXXXXX;
	8169 :	XXXXXXXXXXXX;
	8168 :	XXXXXXXXXXXX;
	8167 :	XXXXXXXXXXXX;
	8166 :	XXXXXXXXXXXX;
	8165 :	XXXXXXXXXXXX;
	8164 :	XXXXXXXXXXXX;
	8163 :	XXXXXXXXXXXX;
	8162 :	XXXXXXXXXXXX;
	8161 :	XXXXXXXXXXXX;
	8160 :	XXXXXXXXXXXX;
	8159 :	XXXXXXXXXXXX;
	8158 :	XXXXXXXXXXXX;
	8157 :	XXXXXXXXXXXX;
	8156 :	XXXXXXXXXXXX;
	8155 :	XXXXXXXXXXXX;
	8154 :	XXXXXXXXXXXX;
	8153 :	XXXXXXXXXXXX;
	8152 :	XXXXXXXXXXXX;
	8151 :	XXXXXXXXXXXX;
	8150 :	XXXXXXXXXXXX;
	8149 :	XXXXXXXXXXXX;
	8148 :	XXXXXXXXXXXX;
	8147 :	XXXXXXXXXXXX;
	8146 :	XXXXXXXXXXXX;
	8145 :	XXXXXXXXXXXX;
	8144 :	XXXXXXXXXXXX;
	8143 :	XXXXXXXXXXXX;
	8142 :	XXXXXXXXXXXX;
	8141 :	XXXXXXXXXXXX;
	8140 :	XXXXXXXXXXXX;
	8139 :	XXXXXXXXXXXX;
	8138 :	XXXXXXXXXXXX;
	8137 :	XXXXXXXXXXXX;
	8136 :	XXXXXXXXXXXX;
	8135 :	XXXXXXXXXXXX;
	8134 :	XXXXXXXXXXXX;
	8133 :	XXXXXXXXXXXX;
	8132 :	XXXXXXXXXXXX;
	8131 :	XXXXXXXXXXXX;
	8130 :	XXXXXXXXXXXX;
	8129 :	XXXXXXXXXXXX;
	8128 :	XXXXXXXXXXXX;
	8127 :	XXXXXXXXXXXX;
	8126 :	XXXXXXXXXXXX;
	8125 :	XXXXXXXXXXXX;
	8124 :	XXXXXXXXXXXX;
	8123 :	XXXXXXXXXXXX;
	8122 :	XXXXXXXXXXXX;
	8121 :	XXXXXXXXXXXX;
	8120 :	XXXXXXXXXXXX;
	8119 :	XXXXXXXXXXXX;
	8118 :	XXXXXXXXXXXX;
	8117 :	XXXXXXXXXXXX;
	8116 :	XXXXXXXXXXXX;
	8115 :	XXXXXXXXXXXX;
	8114 :	XXXXXXXXXXXX;
	8113 :	XXXXXXXXXXXX;
	8112 :	XXXXXXXXXXXX;
	8111 :	XXXXXXXXXXXX;
	8110 :	XXXXXXXXXXXX;
	8109 :	XXXXXXXXXXXX;
	8108 :	XXXXXXXXXXXX;
	8107 :	XXXXXXXXXXXX;
	8106 :	XXXXXXXXXXXX;
	8105 :	XXXXXXXXXXXX;
	8104 :	XXXXXXXXXXXX;
	8103 :	XXXXXXXXXXXX;
	8102 :	XXXXXXXXXXXX;
	8101 :	XXXXXXXXXXXX;
	8100 :	XXXXXXXXXXXX;
	8099 :	XXXXXXXXXXXX;
	8098 :	XXXXXXXXXXXX;
	8097 :	XXXXXXXXXXXX;
	8096 :	XXXXXXXXXXXX;
	8095 :	XXXXXXXXXXXX;
	8094 :	XXXXXXXXXXXX;
	8093 :	XXXXXXXXXXXX;
	8092 :	XXXXXXXXXXXX;
	8091 :	XXXXXXXXXXXX;
	8090 :	XXXXXXXXXXXX;
	8089 :	XXXXXXXXXXXX;
	8088 :	XXXXXXXXXXXX;
	8087 :	XXXXXXXXXXXX;
	8086 :	XXXXXXXXXXXX;
	8085 :	XXXXXXXXXXXX;
	8084 :	XXXXXXXXXXXX;
	8083 :	XXXXXXXXXXXX;
	8082 :	XXXXXXXXXXXX;
	8081 :	XXXXXXXXXXXX;
	8080 :	XXXXXXXXXXXX;
	8079 :	XXXXXXXXXXXX;
	8078 :	XXXXXXXXXXXX;
	8077 :	XXXXXXXXXXXX;
	8076 :	XXXXXXXXXXXX;
	8075 :	XXXXXXXXXXXX;
	8074 :	XXXXXXXXXXXX;
	8073 :	XXXXXXXXXXXX;
	8072 :	XXXXXXXXXXXX;
	8071 :	XXXXXXXXXXXX;
	8070 :	XXXXXXXXXXXX;
	8069 :	XXXXXXXXXXXX;
	8068 :	XXXXXXXXXXXX;
	8067 :	XXXXXXXXXXXX;
	8066 :	XXXXXXXXXXXX;
	8065 :	XXXXXXXXXXXX;
	8064 :	XXXXXXXXXXXX;
	8063 :	XXXXXXXXXXXX;
	8062 :	XXXXXXXXXXXX;
	8061 :	XXXXXXXXXXXX;
	8060 :	XXXXXXXXXXXX;
	8059 :	XXXXXXXXXXXX;
	8058 :	XXXXXXXXXXXX;
	8057 :	XXXXXXXXXXXX;
	8056 :	XXXXXXXXXXXX;
	8055 :	XXXXXXXXXXXX;
	8054 :	XXXXXXXXXXXX;
	8053 :	XXXXXXXXXXXX;
	8052 :	XXXXXXXXXXXX;
	8051 :	XXXXXXXXXXXX;
	8050 :	XXXXXXXXXXXX;
	8049 :	XXXXXXXXXXXX;
	8048 :	XXXXXXXXXXXX;
	8047 :	XXXXXXXXXXXX;
	8046 :	XXXXXXXXXXXX;
	8045 :	XXXXXXXXXXXX;
	8044 :	XXXXXXXXXXXX;
	8043 :	XXXXXXXXXXXX;
	8042 :	XXXXXXXXXXXX;
	8041 :	XXXXXXXXXXXX;
	8040 :	XXXXXXXXXXXX;
	8039 :	XXXXXXXXXXXX;
	8038 :	XXXXXXXXXXXX;
	8037 :	XXXXXXXXXXXX;
	8036 :	XXXXXXXXXXXX;
	8035 :	XXXXXXXXXXXX;
	8034 :	XXXXXXXXXXXX;
	8033 :	XXXXXXXXXXXX;
	8032 :	XXXXXXXXXXXX;
	8031 :	XXXXXXXXXXXX;
	8030 :	XXXXXXXXXXXX;
	8029 :	XXXXXXXXXXXX;
	8028 :	XXXXXXXXXXXX;
	8027 :	XXXXXXXXXXXX;
	8026 :	XXXXXXXXXXXX;
	8025 :	XXXXXXXXXXXX;
	8024 :	XXXXXXXXXXXX;
	8023 :	XXXXXXXXXXXX;
	8022 :	XXXXXXXXXXXX;
	8021 :	XXXXXXXXXXXX;
	8020 :	XXXXXXXXXXXX;
	8019 :	XXXXXXXXXXXX;
	8018 :	XXXXXXXXXXXX;
	8017 :	XXXXXXXXXXXX;
	8016 :	XXXXXXXXXXXX;
	8015 :	XXXXXXXXXXXX;
	8014 :	XXXXXXXXXXXX;
	8013 :	XXXXXXXXXXXX;
	8012 :	XXXXXXXXXXXX;
	8011 :	XXXXXXXXXXXX;
	8010 :	XXXXXXXXXXXX;
	8009 :	XXXXXXXXXXXX;
	8008 :	XXXXXXXXXXXX;
	8007 :	XXXXXXXXXXXX;
	8006 :	XXXXXXXXXXXX;
	8005 :	XXXXXXXXXXXX;
	8004 :	XXXXXXXXXXXX;
	8003 :	XXXXXXXXXXXX;
	8002 :	XXXXXXXXXXXX;
	8001 :	XXXXXXXXXXXX;
	8000 :	XXXXXXXXXXXX;
	7999 :	XXXXXXXXXXXX;
	7998 :	XXXXXXXXXXXX;
	7997 :	XXXXXXXXXXXX;
	7996 :	XXXXXXXXXXXX;
	7995 :	XXXXXXXXXXXX;
	7994 :	XXXXXXXXXXXX;
	7993 :	XXXXXXXXXXXX;
	7992 :	XXXXXXXXXXXX;
	7991 :	XXXXXXXXXXXX;
	7990 :	XXXXXXXXXXXX;
	7989 :	XXXXXXXXXXXX;
	7988 :	XXXXXXXXXXXX;
	7987 :	XXXXXXXXXXXX;
	7986 :	XXXXXXXXXXXX;
	7985 :	XXXXXXXXXXXX;
	7984 :	XXXXXXXXXXXX;
	7983 :	XXXXXXXXXXXX;
	7982 :	XXXXXXXXXXXX;
	7981 :	XXXXXXXXXXXX;
	7980 :	XXXXXXXXXXXX;
	7979 :	XXXXXXXXXXXX;
	7978 :	XXXXXXXXXXXX;
	7977 :	XXXXXXXXXXXX;
	7976 :	XXXXXXXXXXXX;
	7975 :	XXXXXXXXXXXX;
	7974 :	XXXXXXXXXXXX;
	7973 :	XXXXXXXXXXXX;
	7972 :	XXXXXXXXXXXX;
	7971 :	XXXXXXXXXXXX;
	7970 :	XXXXXXXXXXXX;
	7969 :	XXXXXXXXXXXX;
	7968 :	XXXXXXXXXXXX;
	7967 :	XXXXXXXXXXXX;
	7966 :	XXXXXXXXXXXX;
	7965 :	XXXXXXXXXXXX;
	7964 :	XXXXXXXXXXXX;
	7963 :	XXXXXXXXXXXX;
	7962 :	XXXXXXXXXXXX;
	7961 :	XXXXXXXXXXXX;
	7960 :	XXXXXXXXXXXX;
	7959 :	XXXXXXXXXXXX;
	7958 :	XXXXXXXXXXXX;
	7957 :	XXXXXXXXXXXX;
	7956 :	XXXXXXXXXXXX;
	7955 :	XXXXXXXXXXXX;
	7954 :	XXXXXXXXXXXX;
	7953 :	XXXXXXXXXXXX;
	7952 :	XXXXXXXXXXXX;
	7951 :	XXXXXXXXXXXX;
	7950 :	XXXXXXXXXXXX;
	7949 :	XXXXXXXXXXXX;
	7948 :	XXXXXXXXXXXX;
	7947 :	XXXXXXXXXXXX;
	7946 :	XXXXXXXXXXXX;
	7945 :	XXXXXXXXXXXX;
	7944 :	XXXXXXXXXXXX;
	7943 :	XXXXXXXXXXXX;
	7942 :	XXXXXXXXXXXX;
	7941 :	XXXXXXXXXXXX;
	7940 :	XXXXXXXXXXXX;
	7939 :	XXXXXXXXXXXX;
	7938 :	XXXXXXXXXXXX;
	7937 :	XXXXXXXXXXXX;
	7936 :	XXXXXXXXXXXX;
	7935 :	XXXXXXXXXXXX;
	7934 :	XXXXXXXXXXXX;
	7933 :	XXXXXXXXXXXX;
	7932 :	XXXXXXXXXXXX;
	7931 :	XXXXXXXXXXXX;
	7930 :	XXXXXXXXXXXX;
	7929 :	XXXXXXXXXXXX;
	7928 :	XXXXXXXXXXXX;
	7927 :	XXXXXXXXXXXX;
	7926 :	XXXXXXXXXXXX;
	7925 :	XXXXXXXXXXXX;
	7924 :	XXXXXXXXXXXX;
	7923 :	XXXXXXXXXXXX;
	7922 :	XXXXXXXXXXXX;
	7921 :	XXXXXXXXXXXX;
	7920 :	XXXXXXXXXXXX;
	7919 :	XXXXXXXXXXXX;
	7918 :	XXXXXXXXXXXX;
	7917 :	XXXXXXXXXXXX;
	7916 :	XXXXXXXXXXXX;
	7915 :	XXXXXXXXXXXX;
	7914 :	XXXXXXXXXXXX;
	7913 :	XXXXXXXXXXXX;
	7912 :	XXXXXXXXXXXX;
	7911 :	XXXXXXXXXXXX;
	7910 :	XXXXXXXXXXXX;
	7909 :	XXXXXXXXXXXX;
	7908 :	XXXXXXXXXXXX;
	7907 :	XXXXXXXXXXXX;
	7906 :	XXXXXXXXXXXX;
	7905 :	XXXXXXXXXXXX;
	7904 :	XXXXXXXXXXXX;
	7903 :	XXXXXXXXXXXX;
	7902 :	XXXXXXXXXXXX;
	7901 :	XXXXXXXXXXXX;
	7900 :	XXXXXXXXXXXX;
	7899 :	XXXXXXXXXXXX;
	7898 :	XXXXXXXXXXXX;
	7897 :	XXXXXXXXXXXX;
	7896 :	XXXXXXXXXXXX;
	7895 :	XXXXXXXXXXXX;
	7894 :	XXXXXXXXXXXX;
	7893 :	XXXXXXXXXXXX;
	7892 :	XXXXXXXXXXXX;
	7891 :	XXXXXXXXXXXX;
	7890 :	XXXXXXXXXXXX;
	7889 :	XXXXXXXXXXXX;
	7888 :	XXXXXXXXXXXX;
	7887 :	XXXXXXXXXXXX;
	7886 :	XXXXXXXXXXXX;
	7885 :	XXXXXXXXXXXX;
	7884 :	XXXXXXXXXXXX;
	7883 :	XXXXXXXXXXXX;
	7882 :	XXXXXXXXXXXX;
	7881 :	XXXXXXXXXXXX;
	7880 :	XXXXXXXXXXXX;
	7879 :	XXXXXXXXXXXX;
	7878 :	XXXXXXXXXXXX;
	7877 :	XXXXXXXXXXXX;
	7876 :	XXXXXXXXXXXX;
	7875 :	XXXXXXXXXXXX;
	7874 :	XXXXXXXXXXXX;
	7873 :	XXXXXXXXXXXX;
	7872 :	XXXXXXXXXXXX;
	7871 :	XXXXXXXXXXXX;
	7870 :	XXXXXXXXXXXX;
	7869 :	XXXXXXXXXXXX;
	7868 :	XXXXXXXXXXXX;
	7867 :	XXXXXXXXXXXX;
	7866 :	XXXXXXXXXXXX;
	7865 :	XXXXXXXXXXXX;
	7864 :	XXXXXXXXXXXX;
	7863 :	XXXXXXXXXXXX;
	7862 :	XXXXXXXXXXXX;
	7861 :	XXXXXXXXXXXX;
	7860 :	XXXXXXXXXXXX;
	7859 :	XXXXXXXXXXXX;
	7858 :	XXXXXXXXXXXX;
	7857 :	XXXXXXXXXXXX;
	7856 :	XXXXXXXXXXXX;
	7855 :	XXXXXXXXXXXX;
	7854 :	XXXXXXXXXXXX;
	7853 :	XXXXXXXXXXXX;
	7852 :	XXXXXXXXXXXX;
	7851 :	XXXXXXXXXXXX;
	7850 :	XXXXXXXXXXXX;
	7849 :	XXXXXXXXXXXX;
	7848 :	XXXXXXXXXXXX;
	7847 :	XXXXXXXXXXXX;
	7846 :	XXXXXXXXXXXX;
	7845 :	XXXXXXXXXXXX;
	7844 :	XXXXXXXXXXXX;
	7843 :	XXXXXXXXXXXX;
	7842 :	XXXXXXXXXXXX;
	7841 :	XXXXXXXXXXXX;
	7840 :	XXXXXXXXXXXX;
	7839 :	XXXXXXXXXXXX;
	7838 :	XXXXXXXXXXXX;
	7837 :	XXXXXXXXXXXX;
	7836 :	XXXXXXXXXXXX;
	7835 :	XXXXXXXXXXXX;
	7834 :	XXXXXXXXXXXX;
	7833 :	XXXXXXXXXXXX;
	7832 :	XXXXXXXXXXXX;
	7831 :	XXXXXXXXXXXX;
	7830 :	XXXXXXXXXXXX;
	7829 :	XXXXXXXXXXXX;
	7828 :	XXXXXXXXXXXX;
	7827 :	XXXXXXXXXXXX;
	7826 :	XXXXXXXXXXXX;
	7825 :	XXXXXXXXXXXX;
	7824 :	XXXXXXXXXXXX;
	7823 :	XXXXXXXXXXXX;
	7822 :	XXXXXXXXXXXX;
	7821 :	XXXXXXXXXXXX;
	7820 :	XXXXXXXXXXXX;
	7819 :	XXXXXXXXXXXX;
	7818 :	XXXXXXXXXXXX;
	7817 :	XXXXXXXXXXXX;
	7816 :	XXXXXXXXXXXX;
	7815 :	XXXXXXXXXXXX;
	7814 :	XXXXXXXXXXXX;
	7813 :	XXXXXXXXXXXX;
	7812 :	XXXXXXXXXXXX;
	7811 :	XXXXXXXXXXXX;
	7810 :	XXXXXXXXXXXX;
	7809 :	XXXXXXXXXXXX;
	7808 :	XXXXXXXXXXXX;
	7807 :	XXXXXXXXXXXX;
	7806 :	XXXXXXXXXXXX;
	7805 :	XXXXXXXXXXXX;
	7804 :	XXXXXXXXXXXX;
	7803 :	XXXXXXXXXXXX;
	7802 :	XXXXXXXXXXXX;
	7801 :	XXXXXXXXXXXX;
	7800 :	XXXXXXXXXXXX;
	7799 :	XXXXXXXXXXXX;
	7798 :	XXXXXXXXXXXX;
	7797 :	XXXXXXXXXXXX;
	7796 :	XXXXXXXXXXXX;
	7795 :	XXXXXXXXXXXX;
	7794 :	XXXXXXXXXXXX;
	7793 :	XXXXXXXXXXXX;
	7792 :	XXXXXXXXXXXX;
	7791 :	XXXXXXXXXXXX;
	7790 :	XXXXXXXXXXXX;
	7789 :	XXXXXXXXXXXX;
	7788 :	XXXXXXXXXXXX;
	7787 :	XXXXXXXXXXXX;
	7786 :	XXXXXXXXXXXX;
	7785 :	XXXXXXXXXXXX;
	7784 :	XXXXXXXXXXXX;
	7783 :	XXXXXXXXXXXX;
	7782 :	XXXXXXXXXXXX;
	7781 :	XXXXXXXXXXXX;
	7780 :	XXXXXXXXXXXX;
	7779 :	XXXXXXXXXXXX;
	7778 :	XXXXXXXXXXXX;
	7777 :	XXXXXXXXXXXX;
	7776 :	XXXXXXXXXXXX;
	7775 :	XXXXXXXXXXXX;
	7774 :	XXXXXXXXXXXX;
	7773 :	XXXXXXXXXXXX;
	7772 :	XXXXXXXXXXXX;
	7771 :	XXXXXXXXXXXX;
	7770 :	XXXXXXXXXXXX;
	7769 :	XXXXXXXXXXXX;
	7768 :	XXXXXXXXXXXX;
	7767 :	XXXXXXXXXXXX;
	7766 :	XXXXXXXXXXXX;
	7765 :	XXXXXXXXXXXX;
	7764 :	XXXXXXXXXXXX;
	7763 :	XXXXXXXXXXXX;
	7762 :	XXXXXXXXXXXX;
	7761 :	XXXXXXXXXXXX;
	7760 :	XXXXXXXXXXXX;
	7759 :	XXXXXXXXXXXX;
	7758 :	XXXXXXXXXXXX;
	7757 :	XXXXXXXXXXXX;
	7756 :	XXXXXXXXXXXX;
	7755 :	XXXXXXXXXXXX;
	7754 :	XXXXXXXXXXXX;
	7753 :	XXXXXXXXXXXX;
	7752 :	XXXXXXXXXXXX;
	7751 :	XXXXXXXXXXXX;
	7750 :	XXXXXXXXXXXX;
	7749 :	XXXXXXXXXXXX;
	7748 :	XXXXXXXXXXXX;
	7747 :	XXXXXXXXXXXX;
	7746 :	XXXXXXXXXXXX;
	7745 :	XXXXXXXXXXXX;
	7744 :	XXXXXXXXXXXX;
	7743 :	XXXXXXXXXXXX;
	7742 :	XXXXXXXXXXXX;
	7741 :	XXXXXXXXXXXX;
	7740 :	XXXXXXXXXXXX;
	7739 :	XXXXXXXXXXXX;
	7738 :	XXXXXXXXXXXX;
	7737 :	XXXXXXXXXXXX;
	7736 :	XXXXXXXXXXXX;
	7735 :	XXXXXXXXXXXX;
	7734 :	XXXXXXXXXXXX;
	7733 :	XXXXXXXXXXXX;
	7732 :	XXXXXXXXXXXX;
	7731 :	XXXXXXXXXXXX;
	7730 :	XXXXXXXXXXXX;
	7729 :	XXXXXXXXXXXX;
	7728 :	XXXXXXXXXXXX;
	7727 :	XXXXXXXXXXXX;
	7726 :	XXXXXXXXXXXX;
	7725 :	XXXXXXXXXXXX;
	7724 :	XXXXXXXXXXXX;
	7723 :	XXXXXXXXXXXX;
	7722 :	XXXXXXXXXXXX;
	7721 :	XXXXXXXXXXXX;
	7720 :	XXXXXXXXXXXX;
	7719 :	XXXXXXXXXXXX;
	7718 :	XXXXXXXXXXXX;
	7717 :	XXXXXXXXXXXX;
	7716 :	XXXXXXXXXXXX;
	7715 :	XXXXXXXXXXXX;
	7714 :	XXXXXXXXXXXX;
	7713 :	XXXXXXXXXXXX;
	7712 :	XXXXXXXXXXXX;
	7711 :	XXXXXXXXXXXX;
	7710 :	XXXXXXXXXXXX;
	7709 :	XXXXXXXXXXXX;
	7708 :	XXXXXXXXXXXX;
	7707 :	XXXXXXXXXXXX;
	7706 :	XXXXXXXXXXXX;
	7705 :	XXXXXXXXXXXX;
	7704 :	XXXXXXXXXXXX;
	7703 :	XXXXXXXXXXXX;
	7702 :	XXXXXXXXXXXX;
	7701 :	XXXXXXXXXXXX;
	7700 :	XXXXXXXXXXXX;
	7699 :	XXXXXXXXXXXX;
	7698 :	XXXXXXXXXXXX;
	7697 :	XXXXXXXXXXXX;
	7696 :	XXXXXXXXXXXX;
	7695 :	XXXXXXXXXXXX;
	7694 :	XXXXXXXXXXXX;
	7693 :	XXXXXXXXXXXX;
	7692 :	XXXXXXXXXXXX;
	7691 :	XXXXXXXXXXXX;
	7690 :	XXXXXXXXXXXX;
	7689 :	XXXXXXXXXXXX;
	7688 :	XXXXXXXXXXXX;
	7687 :	XXXXXXXXXXXX;
	7686 :	XXXXXXXXXXXX;
	7685 :	XXXXXXXXXXXX;
	7684 :	XXXXXXXXXXXX;
	7683 :	XXXXXXXXXXXX;
	7682 :	XXXXXXXXXXXX;
	7681 :	XXXXXXXXXXXX;
	7680 :	XXXXXXXXXXXX;
	7679 :	XXXXXXXXXXXX;
	7678 :	XXXXXXXXXXXX;
	7677 :	XXXXXXXXXXXX;
	7676 :	XXXXXXXXXXXX;
	7675 :	XXXXXXXXXXXX;
	7674 :	XXXXXXXXXXXX;
	7673 :	XXXXXXXXXXXX;
	7672 :	XXXXXXXXXXXX;
	7671 :	XXXXXXXXXXXX;
	7670 :	XXXXXXXXXXXX;
	7669 :	XXXXXXXXXXXX;
	7668 :	XXXXXXXXXXXX;
	7667 :	XXXXXXXXXXXX;
	7666 :	XXXXXXXXXXXX;
	7665 :	XXXXXXXXXXXX;
	7664 :	XXXXXXXXXXXX;
	7663 :	XXXXXXXXXXXX;
	7662 :	XXXXXXXXXXXX;
	7661 :	XXXXXXXXXXXX;
	7660 :	XXXXXXXXXXXX;
	7659 :	XXXXXXXXXXXX;
	7658 :	XXXXXXXXXXXX;
	7657 :	XXXXXXXXXXXX;
	7656 :	XXXXXXXXXXXX;
	7655 :	XXXXXXXXXXXX;
	7654 :	XXXXXXXXXXXX;
	7653 :	XXXXXXXXXXXX;
	7652 :	XXXXXXXXXXXX;
	7651 :	XXXXXXXXXXXX;
	7650 :	XXXXXXXXXXXX;
	7649 :	XXXXXXXXXXXX;
	7648 :	XXXXXXXXXXXX;
	7647 :	XXXXXXXXXXXX;
	7646 :	XXXXXXXXXXXX;
	7645 :	XXXXXXXXXXXX;
	7644 :	XXXXXXXXXXXX;
	7643 :	XXXXXXXXXXXX;
	7642 :	XXXXXXXXXXXX;
	7641 :	XXXXXXXXXXXX;
	7640 :	XXXXXXXXXXXX;
	7639 :	XXXXXXXXXXXX;
	7638 :	XXXXXXXXXXXX;
	7637 :	XXXXXXXXXXXX;
	7636 :	XXXXXXXXXXXX;
	7635 :	XXXXXXXXXXXX;
	7634 :	XXXXXXXXXXXX;
	7633 :	XXXXXXXXXXXX;
	7632 :	XXXXXXXXXXXX;
	7631 :	XXXXXXXXXXXX;
	7630 :	XXXXXXXXXXXX;
	7629 :	XXXXXXXXXXXX;
	7628 :	XXXXXXXXXXXX;
	7627 :	XXXXXXXXXXXX;
	7626 :	XXXXXXXXXXXX;
	7625 :	XXXXXXXXXXXX;
	7624 :	XXXXXXXXXXXX;
	7623 :	XXXXXXXXXXXX;
	7622 :	XXXXXXXXXXXX;
	7621 :	XXXXXXXXXXXX;
	7620 :	XXXXXXXXXXXX;
	7619 :	XXXXXXXXXXXX;
	7618 :	XXXXXXXXXXXX;
	7617 :	XXXXXXXXXXXX;
	7616 :	XXXXXXXXXXXX;
	7615 :	XXXXXXXXXXXX;
	7614 :	XXXXXXXXXXXX;
	7613 :	XXXXXXXXXXXX;
	7612 :	XXXXXXXXXXXX;
	7611 :	XXXXXXXXXXXX;
	7610 :	XXXXXXXXXXXX;
	7609 :	XXXXXXXXXXXX;
	7608 :	XXXXXXXXXXXX;
	7607 :	XXXXXXXXXXXX;
	7606 :	XXXXXXXXXXXX;
	7605 :	XXXXXXXXXXXX;
	7604 :	XXXXXXXXXXXX;
	7603 :	XXXXXXXXXXXX;
	7602 :	XXXXXXXXXXXX;
	7601 :	XXXXXXXXXXXX;
	7600 :	XXXXXXXXXXXX;
	7599 :	XXXXXXXXXXXX;
	7598 :	XXXXXXXXXXXX;
	7597 :	XXXXXXXXXXXX;
	7596 :	XXXXXXXXXXXX;
	7595 :	XXXXXXXXXXXX;
	7594 :	XXXXXXXXXXXX;
	7593 :	XXXXXXXXXXXX;
	7592 :	XXXXXXXXXXXX;
	7591 :	XXXXXXXXXXXX;
	7590 :	XXXXXXXXXXXX;
	7589 :	XXXXXXXXXXXX;
	7588 :	XXXXXXXXXXXX;
	7587 :	XXXXXXXXXXXX;
	7586 :	XXXXXXXXXXXX;
	7585 :	XXXXXXXXXXXX;
	7584 :	XXXXXXXXXXXX;
	7583 :	XXXXXXXXXXXX;
	7582 :	XXXXXXXXXXXX;
	7581 :	XXXXXXXXXXXX;
	7580 :	XXXXXXXXXXXX;
	7579 :	XXXXXXXXXXXX;
	7578 :	XXXXXXXXXXXX;
	7577 :	XXXXXXXXXXXX;
	7576 :	XXXXXXXXXXXX;
	7575 :	XXXXXXXXXXXX;
	7574 :	XXXXXXXXXXXX;
	7573 :	XXXXXXXXXXXX;
	7572 :	XXXXXXXXXXXX;
	7571 :	XXXXXXXXXXXX;
	7570 :	XXXXXXXXXXXX;
	7569 :	XXXXXXXXXXXX;
	7568 :	XXXXXXXXXXXX;
	7567 :	XXXXXXXXXXXX;
	7566 :	XXXXXXXXXXXX;
	7565 :	XXXXXXXXXXXX;
	7564 :	XXXXXXXXXXXX;
	7563 :	XXXXXXXXXXXX;
	7562 :	XXXXXXXXXXXX;
	7561 :	XXXXXXXXXXXX;
	7560 :	XXXXXXXXXXXX;
	7559 :	XXXXXXXXXXXX;
	7558 :	XXXXXXXXXXXX;
	7557 :	XXXXXXXXXXXX;
	7556 :	XXXXXXXXXXXX;
	7555 :	XXXXXXXXXXXX;
	7554 :	XXXXXXXXXXXX;
	7553 :	XXXXXXXXXXXX;
	7552 :	XXXXXXXXXXXX;
	7551 :	XXXXXXXXXXXX;
	7550 :	XXXXXXXXXXXX;
	7549 :	XXXXXXXXXXXX;
	7548 :	XXXXXXXXXXXX;
	7547 :	XXXXXXXXXXXX;
	7546 :	XXXXXXXXXXXX;
	7545 :	XXXXXXXXXXXX;
	7544 :	XXXXXXXXXXXX;
	7543 :	XXXXXXXXXXXX;
	7542 :	XXXXXXXXXXXX;
	7541 :	XXXXXXXXXXXX;
	7540 :	XXXXXXXXXXXX;
	7539 :	XXXXXXXXXXXX;
	7538 :	XXXXXXXXXXXX;
	7537 :	XXXXXXXXXXXX;
	7536 :	XXXXXXXXXXXX;
	7535 :	XXXXXXXXXXXX;
	7534 :	XXXXXXXXXXXX;
	7533 :	XXXXXXXXXXXX;
	7532 :	XXXXXXXXXXXX;
	7531 :	XXXXXXXXXXXX;
	7530 :	XXXXXXXXXXXX;
	7529 :	XXXXXXXXXXXX;
	7528 :	XXXXXXXXXXXX;
	7527 :	XXXXXXXXXXXX;
	7526 :	XXXXXXXXXXXX;
	7525 :	XXXXXXXXXXXX;
	7524 :	XXXXXXXXXXXX;
	7523 :	XXXXXXXXXXXX;
	7522 :	XXXXXXXXXXXX;
	7521 :	XXXXXXXXXXXX;
	7520 :	XXXXXXXXXXXX;
	7519 :	XXXXXXXXXXXX;
	7518 :	XXXXXXXXXXXX;
	7517 :	XXXXXXXXXXXX;
	7516 :	XXXXXXXXXXXX;
	7515 :	XXXXXXXXXXXX;
	7514 :	XXXXXXXXXXXX;
	7513 :	XXXXXXXXXXXX;
	7512 :	XXXXXXXXXXXX;
	7511 :	XXXXXXXXXXXX;
	7510 :	XXXXXXXXXXXX;
	7509 :	XXXXXXXXXXXX;
	7508 :	XXXXXXXXXXXX;
	7507 :	XXXXXXXXXXXX;
	7506 :	XXXXXXXXXXXX;
	7505 :	XXXXXXXXXXXX;
	7504 :	XXXXXXXXXXXX;
	7503 :	XXXXXXXXXXXX;
	7502 :	XXXXXXXXXXXX;
	7501 :	XXXXXXXXXXXX;
	7500 :	XXXXXXXXXXXX;
	7499 :	XXXXXXXXXXXX;
	7498 :	XXXXXXXXXXXX;
	7497 :	XXXXXXXXXXXX;
	7496 :	XXXXXXXXXXXX;
	7495 :	XXXXXXXXXXXX;
	7494 :	XXXXXXXXXXXX;
	7493 :	XXXXXXXXXXXX;
	7492 :	XXXXXXXXXXXX;
	7491 :	XXXXXXXXXXXX;
	7490 :	XXXXXXXXXXXX;
	7489 :	XXXXXXXXXXXX;
	7488 :	XXXXXXXXXXXX;
	7487 :	XXXXXXXXXXXX;
	7486 :	XXXXXXXXXXXX;
	7485 :	XXXXXXXXXXXX;
	7484 :	XXXXXXXXXXXX;
	7483 :	XXXXXXXXXXXX;
	7482 :	XXXXXXXXXXXX;
	7481 :	XXXXXXXXXXXX;
	7480 :	XXXXXXXXXXXX;
	7479 :	XXXXXXXXXXXX;
	7478 :	XXXXXXXXXXXX;
	7477 :	XXXXXXXXXXXX;
	7476 :	XXXXXXXXXXXX;
	7475 :	XXXXXXXXXXXX;
	7474 :	XXXXXXXXXXXX;
	7473 :	XXXXXXXXXXXX;
	7472 :	XXXXXXXXXXXX;
	7471 :	XXXXXXXXXXXX;
	7470 :	XXXXXXXXXXXX;
	7469 :	XXXXXXXXXXXX;
	7468 :	XXXXXXXXXXXX;
	7467 :	XXXXXXXXXXXX;
	7466 :	XXXXXXXXXXXX;
	7465 :	XXXXXXXXXXXX;
	7464 :	XXXXXXXXXXXX;
	7463 :	XXXXXXXXXXXX;
	7462 :	XXXXXXXXXXXX;
	7461 :	XXXXXXXXXXXX;
	7460 :	XXXXXXXXXXXX;
	7459 :	XXXXXXXXXXXX;
	7458 :	XXXXXXXXXXXX;
	7457 :	XXXXXXXXXXXX;
	7456 :	XXXXXXXXXXXX;
	7455 :	XXXXXXXXXXXX;
	7454 :	XXXXXXXXXXXX;
	7453 :	XXXXXXXXXXXX;
	7452 :	XXXXXXXXXXXX;
	7451 :	XXXXXXXXXXXX;
	7450 :	XXXXXXXXXXXX;
	7449 :	XXXXXXXXXXXX;
	7448 :	XXXXXXXXXXXX;
	7447 :	XXXXXXXXXXXX;
	7446 :	XXXXXXXXXXXX;
	7445 :	XXXXXXXXXXXX;
	7444 :	XXXXXXXXXXXX;
	7443 :	XXXXXXXXXXXX;
	7442 :	XXXXXXXXXXXX;
	7441 :	XXXXXXXXXXXX;
	7440 :	XXXXXXXXXXXX;
	7439 :	XXXXXXXXXXXX;
	7438 :	XXXXXXXXXXXX;
	7437 :	XXXXXXXXXXXX;
	7436 :	XXXXXXXXXXXX;
	7435 :	XXXXXXXXXXXX;
	7434 :	XXXXXXXXXXXX;
	7433 :	XXXXXXXXXXXX;
	7432 :	XXXXXXXXXXXX;
	7431 :	XXXXXXXXXXXX;
	7430 :	XXXXXXXXXXXX;
	7429 :	XXXXXXXXXXXX;
	7428 :	XXXXXXXXXXXX;
	7427 :	XXXXXXXXXXXX;
	7426 :	XXXXXXXXXXXX;
	7425 :	XXXXXXXXXXXX;
	7424 :	XXXXXXXXXXXX;
	7423 :	XXXXXXXXXXXX;
	7422 :	XXXXXXXXXXXX;
	7421 :	XXXXXXXXXXXX;
	7420 :	XXXXXXXXXXXX;
	7419 :	XXXXXXXXXXXX;
	7418 :	XXXXXXXXXXXX;
	7417 :	XXXXXXXXXXXX;
	7416 :	XXXXXXXXXXXX;
	7415 :	XXXXXXXXXXXX;
	7414 :	XXXXXXXXXXXX;
	7413 :	XXXXXXXXXXXX;
	7412 :	XXXXXXXXXXXX;
	7411 :	XXXXXXXXXXXX;
	7410 :	XXXXXXXXXXXX;
	7409 :	XXXXXXXXXXXX;
	7408 :	XXXXXXXXXXXX;
	7407 :	XXXXXXXXXXXX;
	7406 :	XXXXXXXXXXXX;
	7405 :	XXXXXXXXXXXX;
	7404 :	XXXXXXXXXXXX;
	7403 :	XXXXXXXXXXXX;
	7402 :	XXXXXXXXXXXX;
	7401 :	XXXXXXXXXXXX;
	7400 :	XXXXXXXXXXXX;
	7399 :	XXXXXXXXXXXX;
	7398 :	XXXXXXXXXXXX;
	7397 :	XXXXXXXXXXXX;
	7396 :	XXXXXXXXXXXX;
	7395 :	XXXXXXXXXXXX;
	7394 :	XXXXXXXXXXXX;
	7393 :	XXXXXXXXXXXX;
	7392 :	XXXXXXXXXXXX;
	7391 :	XXXXXXXXXXXX;
	7390 :	XXXXXXXXXXXX;
	7389 :	XXXXXXXXXXXX;
	7388 :	XXXXXXXXXXXX;
	7387 :	XXXXXXXXXXXX;
	7386 :	XXXXXXXXXXXX;
	7385 :	XXXXXXXXXXXX;
	7384 :	XXXXXXXXXXXX;
	7383 :	XXXXXXXXXXXX;
	7382 :	XXXXXXXXXXXX;
	7381 :	XXXXXXXXXXXX;
	7380 :	XXXXXXXXXXXX;
	7379 :	XXXXXXXXXXXX;
	7378 :	XXXXXXXXXXXX;
	7377 :	XXXXXXXXXXXX;
	7376 :	XXXXXXXXXXXX;
	7375 :	XXXXXXXXXXXX;
	7374 :	XXXXXXXXXXXX;
	7373 :	XXXXXXXXXXXX;
	7372 :	XXXXXXXXXXXX;
	7371 :	XXXXXXXXXXXX;
	7370 :	XXXXXXXXXXXX;
	7369 :	XXXXXXXXXXXX;
	7368 :	XXXXXXXXXXXX;
	7367 :	XXXXXXXXXXXX;
	7366 :	XXXXXXXXXXXX;
	7365 :	XXXXXXXXXXXX;
	7364 :	XXXXXXXXXXXX;
	7363 :	XXXXXXXXXXXX;
	7362 :	XXXXXXXXXXXX;
	7361 :	XXXXXXXXXXXX;
	7360 :	XXXXXXXXXXXX;
	7359 :	XXXXXXXXXXXX;
	7358 :	XXXXXXXXXXXX;
	7357 :	XXXXXXXXXXXX;
	7356 :	XXXXXXXXXXXX;
	7355 :	XXXXXXXXXXXX;
	7354 :	XXXXXXXXXXXX;
	7353 :	XXXXXXXXXXXX;
	7352 :	XXXXXXXXXXXX;
	7351 :	XXXXXXXXXXXX;
	7350 :	XXXXXXXXXXXX;
	7349 :	XXXXXXXXXXXX;
	7348 :	XXXXXXXXXXXX;
	7347 :	XXXXXXXXXXXX;
	7346 :	XXXXXXXXXXXX;
	7345 :	XXXXXXXXXXXX;
	7344 :	XXXXXXXXXXXX;
	7343 :	XXXXXXXXXXXX;
	7342 :	XXXXXXXXXXXX;
	7341 :	XXXXXXXXXXXX;
	7340 :	XXXXXXXXXXXX;
	7339 :	XXXXXXXXXXXX;
	7338 :	XXXXXXXXXXXX;
	7337 :	XXXXXXXXXXXX;
	7336 :	XXXXXXXXXXXX;
	7335 :	XXXXXXXXXXXX;
	7334 :	XXXXXXXXXXXX;
	7333 :	XXXXXXXXXXXX;
	7332 :	XXXXXXXXXXXX;
	7331 :	XXXXXXXXXXXX;
	7330 :	XXXXXXXXXXXX;
	7329 :	XXXXXXXXXXXX;
	7328 :	XXXXXXXXXXXX;
	7327 :	XXXXXXXXXXXX;
	7326 :	XXXXXXXXXXXX;
	7325 :	XXXXXXXXXXXX;
	7324 :	XXXXXXXXXXXX;
	7323 :	XXXXXXXXXXXX;
	7322 :	XXXXXXXXXXXX;
	7321 :	XXXXXXXXXXXX;
	7320 :	XXXXXXXXXXXX;
	7319 :	XXXXXXXXXXXX;
	7318 :	XXXXXXXXXXXX;
	7317 :	XXXXXXXXXXXX;
	7316 :	XXXXXXXXXXXX;
	7315 :	XXXXXXXXXXXX;
	7314 :	XXXXXXXXXXXX;
	7313 :	XXXXXXXXXXXX;
	7312 :	XXXXXXXXXXXX;
	7311 :	XXXXXXXXXXXX;
	7310 :	XXXXXXXXXXXX;
	7309 :	XXXXXXXXXXXX;
	7308 :	XXXXXXXXXXXX;
	7307 :	XXXXXXXXXXXX;
	7306 :	XXXXXXXXXXXX;
	7305 :	XXXXXXXXXXXX;
	7304 :	XXXXXXXXXXXX;
	7303 :	XXXXXXXXXXXX;
	7302 :	XXXXXXXXXXXX;
	7301 :	XXXXXXXXXXXX;
	7300 :	XXXXXXXXXXXX;
	7299 :	XXXXXXXXXXXX;
	7298 :	XXXXXXXXXXXX;
	7297 :	XXXXXXXXXXXX;
	7296 :	XXXXXXXXXXXX;
	7295 :	XXXXXXXXXXXX;
	7294 :	XXXXXXXXXXXX;
	7293 :	XXXXXXXXXXXX;
	7292 :	XXXXXXXXXXXX;
	7291 :	XXXXXXXXXXXX;
	7290 :	XXXXXXXXXXXX;
	7289 :	XXXXXXXXXXXX;
	7288 :	XXXXXXXXXXXX;
	7287 :	XXXXXXXXXXXX;
	7286 :	XXXXXXXXXXXX;
	7285 :	XXXXXXXXXXXX;
	7284 :	XXXXXXXXXXXX;
	7283 :	XXXXXXXXXXXX;
	7282 :	XXXXXXXXXXXX;
	7281 :	XXXXXXXXXXXX;
	7280 :	XXXXXXXXXXXX;
	7279 :	XXXXXXXXXXXX;
	7278 :	XXXXXXXXXXXX;
	7277 :	XXXXXXXXXXXX;
	7276 :	XXXXXXXXXXXX;
	7275 :	XXXXXXXXXXXX;
	7274 :	XXXXXXXXXXXX;
	7273 :	XXXXXXXXXXXX;
	7272 :	XXXXXXXXXXXX;
	7271 :	XXXXXXXXXXXX;
	7270 :	XXXXXXXXXXXX;
	7269 :	XXXXXXXXXXXX;
	7268 :	XXXXXXXXXXXX;
	7267 :	XXXXXXXXXXXX;
	7266 :	XXXXXXXXXXXX;
	7265 :	XXXXXXXXXXXX;
	7264 :	XXXXXXXXXXXX;
	7263 :	XXXXXXXXXXXX;
	7262 :	XXXXXXXXXXXX;
	7261 :	XXXXXXXXXXXX;
	7260 :	XXXXXXXXXXXX;
	7259 :	XXXXXXXXXXXX;
	7258 :	XXXXXXXXXXXX;
	7257 :	XXXXXXXXXXXX;
	7256 :	XXXXXXXXXXXX;
	7255 :	XXXXXXXXXXXX;
	7254 :	XXXXXXXXXXXX;
	7253 :	XXXXXXXXXXXX;
	7252 :	XXXXXXXXXXXX;
	7251 :	XXXXXXXXXXXX;
	7250 :	XXXXXXXXXXXX;
	7249 :	XXXXXXXXXXXX;
	7248 :	XXXXXXXXXXXX;
	7247 :	XXXXXXXXXXXX;
	7246 :	XXXXXXXXXXXX;
	7245 :	XXXXXXXXXXXX;
	7244 :	XXXXXXXXXXXX;
	7243 :	XXXXXXXXXXXX;
	7242 :	XXXXXXXXXXXX;
	7241 :	XXXXXXXXXXXX;
	7240 :	XXXXXXXXXXXX;
	7239 :	XXXXXXXXXXXX;
	7238 :	XXXXXXXXXXXX;
	7237 :	XXXXXXXXXXXX;
	7236 :	XXXXXXXXXXXX;
	7235 :	XXXXXXXXXXXX;
	7234 :	XXXXXXXXXXXX;
	7233 :	XXXXXXXXXXXX;
	7232 :	XXXXXXXXXXXX;
	7231 :	XXXXXXXXXXXX;
	7230 :	XXXXXXXXXXXX;
	7229 :	XXXXXXXXXXXX;
	7228 :	XXXXXXXXXXXX;
	7227 :	XXXXXXXXXXXX;
	7226 :	XXXXXXXXXXXX;
	7225 :	XXXXXXXXXXXX;
	7224 :	XXXXXXXXXXXX;
	7223 :	XXXXXXXXXXXX;
	7222 :	XXXXXXXXXXXX;
	7221 :	XXXXXXXXXXXX;
	7220 :	XXXXXXXXXXXX;
	7219 :	XXXXXXXXXXXX;
	7218 :	XXXXXXXXXXXX;
	7217 :	XXXXXXXXXXXX;
	7216 :	XXXXXXXXXXXX;
	7215 :	XXXXXXXXXXXX;
	7214 :	XXXXXXXXXXXX;
	7213 :	XXXXXXXXXXXX;
	7212 :	XXXXXXXXXXXX;
	7211 :	XXXXXXXXXXXX;
	7210 :	XXXXXXXXXXXX;
	7209 :	XXXXXXXXXXXX;
	7208 :	XXXXXXXXXXXX;
	7207 :	XXXXXXXXXXXX;
	7206 :	XXXXXXXXXXXX;
	7205 :	XXXXXXXXXXXX;
	7204 :	XXXXXXXXXXXX;
	7203 :	XXXXXXXXXXXX;
	7202 :	XXXXXXXXXXXX;
	7201 :	XXXXXXXXXXXX;
	7200 :	XXXXXXXXXXXX;
	7199 :	XXXXXXXXXXXX;
	7198 :	XXXXXXXXXXXX;
	7197 :	XXXXXXXXXXXX;
	7196 :	XXXXXXXXXXXX;
	7195 :	XXXXXXXXXXXX;
	7194 :	XXXXXXXXXXXX;
	7193 :	XXXXXXXXXXXX;
	7192 :	XXXXXXXXXXXX;
	7191 :	XXXXXXXXXXXX;
	7190 :	XXXXXXXXXXXX;
	7189 :	XXXXXXXXXXXX;
	7188 :	XXXXXXXXXXXX;
	7187 :	XXXXXXXXXXXX;
	7186 :	XXXXXXXXXXXX;
	7185 :	XXXXXXXXXXXX;
	7184 :	XXXXXXXXXXXX;
	7183 :	XXXXXXXXXXXX;
	7182 :	XXXXXXXXXXXX;
	7181 :	XXXXXXXXXXXX;
	7180 :	XXXXXXXXXXXX;
	7179 :	XXXXXXXXXXXX;
	7178 :	XXXXXXXXXXXX;
	7177 :	XXXXXXXXXXXX;
	7176 :	XXXXXXXXXXXX;
	7175 :	XXXXXXXXXXXX;
	7174 :	XXXXXXXXXXXX;
	7173 :	XXXXXXXXXXXX;
	7172 :	XXXXXXXXXXXX;
	7171 :	XXXXXXXXXXXX;
	7170 :	XXXXXXXXXXXX;
	7169 :	XXXXXXXXXXXX;
	7168 :	XXXXXXXXXXXX;
	7167 :	XXXXXXXXXXXX;
	7166 :	XXXXXXXXXXXX;
	7165 :	XXXXXXXXXXXX;
	7164 :	XXXXXXXXXXXX;
	7163 :	XXXXXXXXXXXX;
	7162 :	XXXXXXXXXXXX;
	7161 :	XXXXXXXXXXXX;
	7160 :	XXXXXXXXXXXX;
	7159 :	XXXXXXXXXXXX;
	7158 :	XXXXXXXXXXXX;
	7157 :	XXXXXXXXXXXX;
	7156 :	XXXXXXXXXXXX;
	7155 :	XXXXXXXXXXXX;
	7154 :	XXXXXXXXXXXX;
	7153 :	XXXXXXXXXXXX;
	7152 :	XXXXXXXXXXXX;
	7151 :	XXXXXXXXXXXX;
	7150 :	XXXXXXXXXXXX;
	7149 :	XXXXXXXXXXXX;
	7148 :	XXXXXXXXXXXX;
	7147 :	XXXXXXXXXXXX;
	7146 :	XXXXXXXXXXXX;
	7145 :	XXXXXXXXXXXX;
	7144 :	XXXXXXXXXXXX;
	7143 :	XXXXXXXXXXXX;
	7142 :	XXXXXXXXXXXX;
	7141 :	XXXXXXXXXXXX;
	7140 :	XXXXXXXXXXXX;
	7139 :	XXXXXXXXXXXX;
	7138 :	XXXXXXXXXXXX;
	7137 :	XXXXXXXXXXXX;
	7136 :	XXXXXXXXXXXX;
	7135 :	XXXXXXXXXXXX;
	7134 :	XXXXXXXXXXXX;
	7133 :	XXXXXXXXXXXX;
	7132 :	XXXXXXXXXXXX;
	7131 :	XXXXXXXXXXXX;
	7130 :	XXXXXXXXXXXX;
	7129 :	XXXXXXXXXXXX;
	7128 :	XXXXXXXXXXXX;
	7127 :	XXXXXXXXXXXX;
	7126 :	XXXXXXXXXXXX;
	7125 :	XXXXXXXXXXXX;
	7124 :	XXXXXXXXXXXX;
	7123 :	XXXXXXXXXXXX;
	7122 :	XXXXXXXXXXXX;
	7121 :	XXXXXXXXXXXX;
	7120 :	XXXXXXXXXXXX;
	7119 :	XXXXXXXXXXXX;
	7118 :	XXXXXXXXXXXX;
	7117 :	XXXXXXXXXXXX;
	7116 :	XXXXXXXXXXXX;
	7115 :	XXXXXXXXXXXX;
	7114 :	XXXXXXXXXXXX;
	7113 :	XXXXXXXXXXXX;
	7112 :	XXXXXXXXXXXX;
	7111 :	XXXXXXXXXXXX;
	7110 :	XXXXXXXXXXXX;
	7109 :	XXXXXXXXXXXX;
	7108 :	XXXXXXXXXXXX;
	7107 :	XXXXXXXXXXXX;
	7106 :	XXXXXXXXXXXX;
	7105 :	XXXXXXXXXXXX;
	7104 :	XXXXXXXXXXXX;
	7103 :	XXXXXXXXXXXX;
	7102 :	XXXXXXXXXXXX;
	7101 :	XXXXXXXXXXXX;
	7100 :	XXXXXXXXXXXX;
	7099 :	XXXXXXXXXXXX;
	7098 :	XXXXXXXXXXXX;
	7097 :	XXXXXXXXXXXX;
	7096 :	XXXXXXXXXXXX;
	7095 :	XXXXXXXXXXXX;
	7094 :	XXXXXXXXXXXX;
	7093 :	XXXXXXXXXXXX;
	7092 :	XXXXXXXXXXXX;
	7091 :	XXXXXXXXXXXX;
	7090 :	XXXXXXXXXXXX;
	7089 :	XXXXXXXXXXXX;
	7088 :	XXXXXXXXXXXX;
	7087 :	XXXXXXXXXXXX;
	7086 :	XXXXXXXXXXXX;
	7085 :	XXXXXXXXXXXX;
	7084 :	XXXXXXXXXXXX;
	7083 :	XXXXXXXXXXXX;
	7082 :	XXXXXXXXXXXX;
	7081 :	XXXXXXXXXXXX;
	7080 :	XXXXXXXXXXXX;
	7079 :	XXXXXXXXXXXX;
	7078 :	XXXXXXXXXXXX;
	7077 :	XXXXXXXXXXXX;
	7076 :	XXXXXXXXXXXX;
	7075 :	XXXXXXXXXXXX;
	7074 :	XXXXXXXXXXXX;
	7073 :	XXXXXXXXXXXX;
	7072 :	XXXXXXXXXXXX;
	7071 :	XXXXXXXXXXXX;
	7070 :	XXXXXXXXXXXX;
	7069 :	XXXXXXXXXXXX;
	7068 :	XXXXXXXXXXXX;
	7067 :	XXXXXXXXXXXX;
	7066 :	XXXXXXXXXXXX;
	7065 :	XXXXXXXXXXXX;
	7064 :	XXXXXXXXXXXX;
	7063 :	XXXXXXXXXXXX;
	7062 :	XXXXXXXXXXXX;
	7061 :	XXXXXXXXXXXX;
	7060 :	XXXXXXXXXXXX;
	7059 :	XXXXXXXXXXXX;
	7058 :	XXXXXXXXXXXX;
	7057 :	XXXXXXXXXXXX;
	7056 :	XXXXXXXXXXXX;
	7055 :	XXXXXXXXXXXX;
	7054 :	XXXXXXXXXXXX;
	7053 :	XXXXXXXXXXXX;
	7052 :	XXXXXXXXXXXX;
	7051 :	XXXXXXXXXXXX;
	7050 :	XXXXXXXXXXXX;
	7049 :	XXXXXXXXXXXX;
	7048 :	XXXXXXXXXXXX;
	7047 :	XXXXXXXXXXXX;
	7046 :	XXXXXXXXXXXX;
	7045 :	XXXXXXXXXXXX;
	7044 :	XXXXXXXXXXXX;
	7043 :	XXXXXXXXXXXX;
	7042 :	XXXXXXXXXXXX;
	7041 :	XXXXXXXXXXXX;
	7040 :	XXXXXXXXXXXX;
	7039 :	XXXXXXXXXXXX;
	7038 :	XXXXXXXXXXXX;
	7037 :	XXXXXXXXXXXX;
	7036 :	XXXXXXXXXXXX;
	7035 :	XXXXXXXXXXXX;
	7034 :	XXXXXXXXXXXX;
	7033 :	XXXXXXXXXXXX;
	7032 :	XXXXXXXXXXXX;
	7031 :	XXXXXXXXXXXX;
	7030 :	XXXXXXXXXXXX;
	7029 :	XXXXXXXXXXXX;
	7028 :	XXXXXXXXXXXX;
	7027 :	XXXXXXXXXXXX;
	7026 :	XXXXXXXXXXXX;
	7025 :	XXXXXXXXXXXX;
	7024 :	XXXXXXXXXXXX;
	7023 :	XXXXXXXXXXXX;
	7022 :	XXXXXXXXXXXX;
	7021 :	XXXXXXXXXXXX;
	7020 :	XXXXXXXXXXXX;
	7019 :	XXXXXXXXXXXX;
	7018 :	XXXXXXXXXXXX;
	7017 :	XXXXXXXXXXXX;
	7016 :	XXXXXXXXXXXX;
	7015 :	XXXXXXXXXXXX;
	7014 :	XXXXXXXXXXXX;
	7013 :	XXXXXXXXXXXX;
	7012 :	XXXXXXXXXXXX;
	7011 :	XXXXXXXXXXXX;
	7010 :	XXXXXXXXXXXX;
	7009 :	XXXXXXXXXXXX;
	7008 :	XXXXXXXXXXXX;
	7007 :	XXXXXXXXXXXX;
	7006 :	XXXXXXXXXXXX;
	7005 :	XXXXXXXXXXXX;
	7004 :	XXXXXXXXXXXX;
	7003 :	XXXXXXXXXXXX;
	7002 :	XXXXXXXXXXXX;
	7001 :	XXXXXXXXXXXX;
	7000 :	XXXXXXXXXXXX;
	6999 :	XXXXXXXXXXXX;
	6998 :	XXXXXXXXXXXX;
	6997 :	XXXXXXXXXXXX;
	6996 :	XXXXXXXXXXXX;
	6995 :	XXXXXXXXXXXX;
	6994 :	XXXXXXXXXXXX;
	6993 :	XXXXXXXXXXXX;
	6992 :	XXXXXXXXXXXX;
	6991 :	XXXXXXXXXXXX;
	6990 :	XXXXXXXXXXXX;
	6989 :	XXXXXXXXXXXX;
	6988 :	XXXXXXXXXXXX;
	6987 :	XXXXXXXXXXXX;
	6986 :	XXXXXXXXXXXX;
	6985 :	XXXXXXXXXXXX;
	6984 :	XXXXXXXXXXXX;
	6983 :	XXXXXXXXXXXX;
	6982 :	XXXXXXXXXXXX;
	6981 :	XXXXXXXXXXXX;
	6980 :	XXXXXXXXXXXX;
	6979 :	XXXXXXXXXXXX;
	6978 :	XXXXXXXXXXXX;
	6977 :	XXXXXXXXXXXX;
	6976 :	XXXXXXXXXXXX;
	6975 :	XXXXXXXXXXXX;
	6974 :	XXXXXXXXXXXX;
	6973 :	XXXXXXXXXXXX;
	6972 :	XXXXXXXXXXXX;
	6971 :	XXXXXXXXXXXX;
	6970 :	XXXXXXXXXXXX;
	6969 :	XXXXXXXXXXXX;
	6968 :	XXXXXXXXXXXX;
	6967 :	XXXXXXXXXXXX;
	6966 :	XXXXXXXXXXXX;
	6965 :	XXXXXXXXXXXX;
	6964 :	XXXXXXXXXXXX;
	6963 :	XXXXXXXXXXXX;
	6962 :	XXXXXXXXXXXX;
	6961 :	XXXXXXXXXXXX;
	6960 :	XXXXXXXXXXXX;
	6959 :	XXXXXXXXXXXX;
	6958 :	XXXXXXXXXXXX;
	6957 :	XXXXXXXXXXXX;
	6956 :	XXXXXXXXXXXX;
	6955 :	XXXXXXXXXXXX;
	6954 :	XXXXXXXXXXXX;
	6953 :	XXXXXXXXXXXX;
	6952 :	XXXXXXXXXXXX;
	6951 :	XXXXXXXXXXXX;
	6950 :	XXXXXXXXXXXX;
	6949 :	XXXXXXXXXXXX;
	6948 :	XXXXXXXXXXXX;
	6947 :	XXXXXXXXXXXX;
	6946 :	XXXXXXXXXXXX;
	6945 :	XXXXXXXXXXXX;
	6944 :	XXXXXXXXXXXX;
	6943 :	XXXXXXXXXXXX;
	6942 :	XXXXXXXXXXXX;
	6941 :	XXXXXXXXXXXX;
	6940 :	XXXXXXXXXXXX;
	6939 :	XXXXXXXXXXXX;
	6938 :	XXXXXXXXXXXX;
	6937 :	XXXXXXXXXXXX;
	6936 :	XXXXXXXXXXXX;
	6935 :	XXXXXXXXXXXX;
	6934 :	XXXXXXXXXXXX;
	6933 :	XXXXXXXXXXXX;
	6932 :	XXXXXXXXXXXX;
	6931 :	XXXXXXXXXXXX;
	6930 :	XXXXXXXXXXXX;
	6929 :	XXXXXXXXXXXX;
	6928 :	XXXXXXXXXXXX;
	6927 :	XXXXXXXXXXXX;
	6926 :	XXXXXXXXXXXX;
	6925 :	XXXXXXXXXXXX;
	6924 :	XXXXXXXXXXXX;
	6923 :	XXXXXXXXXXXX;
	6922 :	XXXXXXXXXXXX;
	6921 :	XXXXXXXXXXXX;
	6920 :	XXXXXXXXXXXX;
	6919 :	XXXXXXXXXXXX;
	6918 :	XXXXXXXXXXXX;
	6917 :	XXXXXXXXXXXX;
	6916 :	XXXXXXXXXXXX;
	6915 :	XXXXXXXXXXXX;
	6914 :	XXXXXXXXXXXX;
	6913 :	XXXXXXXXXXXX;
	6912 :	XXXXXXXXXXXX;
	6911 :	XXXXXXXXXXXX;
	6910 :	XXXXXXXXXXXX;
	6909 :	XXXXXXXXXXXX;
	6908 :	XXXXXXXXXXXX;
	6907 :	XXXXXXXXXXXX;
	6906 :	XXXXXXXXXXXX;
	6905 :	XXXXXXXXXXXX;
	6904 :	XXXXXXXXXXXX;
	6903 :	XXXXXXXXXXXX;
	6902 :	XXXXXXXXXXXX;
	6901 :	XXXXXXXXXXXX;
	6900 :	XXXXXXXXXXXX;
	6899 :	XXXXXXXXXXXX;
	6898 :	XXXXXXXXXXXX;
	6897 :	XXXXXXXXXXXX;
	6896 :	XXXXXXXXXXXX;
	6895 :	XXXXXXXXXXXX;
	6894 :	XXXXXXXXXXXX;
	6893 :	XXXXXXXXXXXX;
	6892 :	XXXXXXXXXXXX;
	6891 :	XXXXXXXXXXXX;
	6890 :	XXXXXXXXXXXX;
	6889 :	XXXXXXXXXXXX;
	6888 :	XXXXXXXXXXXX;
	6887 :	XXXXXXXXXXXX;
	6886 :	XXXXXXXXXXXX;
	6885 :	XXXXXXXXXXXX;
	6884 :	XXXXXXXXXXXX;
	6883 :	XXXXXXXXXXXX;
	6882 :	XXXXXXXXXXXX;
	6881 :	XXXXXXXXXXXX;
	6880 :	XXXXXXXXXXXX;
	6879 :	XXXXXXXXXXXX;
	6878 :	XXXXXXXXXXXX;
	6877 :	XXXXXXXXXXXX;
	6876 :	XXXXXXXXXXXX;
	6875 :	XXXXXXXXXXXX;
	6874 :	XXXXXXXXXXXX;
	6873 :	XXXXXXXXXXXX;
	6872 :	XXXXXXXXXXXX;
	6871 :	XXXXXXXXXXXX;
	6870 :	XXXXXXXXXXXX;
	6869 :	XXXXXXXXXXXX;
	6868 :	XXXXXXXXXXXX;
	6867 :	XXXXXXXXXXXX;
	6866 :	XXXXXXXXXXXX;
	6865 :	XXXXXXXXXXXX;
	6864 :	XXXXXXXXXXXX;
	6863 :	XXXXXXXXXXXX;
	6862 :	XXXXXXXXXXXX;
	6861 :	XXXXXXXXXXXX;
	6860 :	XXXXXXXXXXXX;
	6859 :	XXXXXXXXXXXX;
	6858 :	XXXXXXXXXXXX;
	6857 :	XXXXXXXXXXXX;
	6856 :	XXXXXXXXXXXX;
	6855 :	XXXXXXXXXXXX;
	6854 :	XXXXXXXXXXXX;
	6853 :	XXXXXXXXXXXX;
	6852 :	XXXXXXXXXXXX;
	6851 :	XXXXXXXXXXXX;
	6850 :	XXXXXXXXXXXX;
	6849 :	XXXXXXXXXXXX;
	6848 :	XXXXXXXXXXXX;
	6847 :	XXXXXXXXXXXX;
	6846 :	XXXXXXXXXXXX;
	6845 :	XXXXXXXXXXXX;
	6844 :	XXXXXXXXXXXX;
	6843 :	XXXXXXXXXXXX;
	6842 :	XXXXXXXXXXXX;
	6841 :	XXXXXXXXXXXX;
	6840 :	XXXXXXXXXXXX;
	6839 :	XXXXXXXXXXXX;
	6838 :	XXXXXXXXXXXX;
	6837 :	XXXXXXXXXXXX;
	6836 :	XXXXXXXXXXXX;
	6835 :	XXXXXXXXXXXX;
	6834 :	XXXXXXXXXXXX;
	6833 :	XXXXXXXXXXXX;
	6832 :	XXXXXXXXXXXX;
	6831 :	XXXXXXXXXXXX;
	6830 :	XXXXXXXXXXXX;
	6829 :	XXXXXXXXXXXX;
	6828 :	XXXXXXXXXXXX;
	6827 :	XXXXXXXXXXXX;
	6826 :	XXXXXXXXXXXX;
	6825 :	XXXXXXXXXXXX;
	6824 :	XXXXXXXXXXXX;
	6823 :	XXXXXXXXXXXX;
	6822 :	XXXXXXXXXXXX;
	6821 :	XXXXXXXXXXXX;
	6820 :	XXXXXXXXXXXX;
	6819 :	XXXXXXXXXXXX;
	6818 :	XXXXXXXXXXXX;
	6817 :	XXXXXXXXXXXX;
	6816 :	XXXXXXXXXXXX;
	6815 :	XXXXXXXXXXXX;
	6814 :	XXXXXXXXXXXX;
	6813 :	XXXXXXXXXXXX;
	6812 :	XXXXXXXXXXXX;
	6811 :	XXXXXXXXXXXX;
	6810 :	XXXXXXXXXXXX;
	6809 :	XXXXXXXXXXXX;
	6808 :	XXXXXXXXXXXX;
	6807 :	XXXXXXXXXXXX;
	6806 :	XXXXXXXXXXXX;
	6805 :	XXXXXXXXXXXX;
	6804 :	XXXXXXXXXXXX;
	6803 :	XXXXXXXXXXXX;
	6802 :	XXXXXXXXXXXX;
	6801 :	XXXXXXXXXXXX;
	6800 :	XXXXXXXXXXXX;
	6799 :	XXXXXXXXXXXX;
	6798 :	XXXXXXXXXXXX;
	6797 :	XXXXXXXXXXXX;
	6796 :	XXXXXXXXXXXX;
	6795 :	XXXXXXXXXXXX;
	6794 :	XXXXXXXXXXXX;
	6793 :	XXXXXXXXXXXX;
	6792 :	XXXXXXXXXXXX;
	6791 :	XXXXXXXXXXXX;
	6790 :	XXXXXXXXXXXX;
	6789 :	XXXXXXXXXXXX;
	6788 :	XXXXXXXXXXXX;
	6787 :	XXXXXXXXXXXX;
	6786 :	XXXXXXXXXXXX;
	6785 :	XXXXXXXXXXXX;
	6784 :	XXXXXXXXXXXX;
	6783 :	XXXXXXXXXXXX;
	6782 :	XXXXXXXXXXXX;
	6781 :	XXXXXXXXXXXX;
	6780 :	XXXXXXXXXXXX;
	6779 :	XXXXXXXXXXXX;
	6778 :	XXXXXXXXXXXX;
	6777 :	XXXXXXXXXXXX;
	6776 :	XXXXXXXXXXXX;
	6775 :	XXXXXXXXXXXX;
	6774 :	XXXXXXXXXXXX;
	6773 :	XXXXXXXXXXXX;
	6772 :	XXXXXXXXXXXX;
	6771 :	XXXXXXXXXXXX;
	6770 :	XXXXXXXXXXXX;
	6769 :	XXXXXXXXXXXX;
	6768 :	XXXXXXXXXXXX;
	6767 :	XXXXXXXXXXXX;
	6766 :	XXXXXXXXXXXX;
	6765 :	XXXXXXXXXXXX;
	6764 :	XXXXXXXXXXXX;
	6763 :	XXXXXXXXXXXX;
	6762 :	XXXXXXXXXXXX;
	6761 :	XXXXXXXXXXXX;
	6760 :	XXXXXXXXXXXX;
	6759 :	XXXXXXXXXXXX;
	6758 :	XXXXXXXXXXXX;
	6757 :	XXXXXXXXXXXX;
	6756 :	XXXXXXXXXXXX;
	6755 :	XXXXXXXXXXXX;
	6754 :	XXXXXXXXXXXX;
	6753 :	XXXXXXXXXXXX;
	6752 :	XXXXXXXXXXXX;
	6751 :	XXXXXXXXXXXX;
	6750 :	XXXXXXXXXXXX;
	6749 :	XXXXXXXXXXXX;
	6748 :	XXXXXXXXXXXX;
	6747 :	XXXXXXXXXXXX;
	6746 :	XXXXXXXXXXXX;
	6745 :	XXXXXXXXXXXX;
	6744 :	XXXXXXXXXXXX;
	6743 :	XXXXXXXXXXXX;
	6742 :	XXXXXXXXXXXX;
	6741 :	XXXXXXXXXXXX;
	6740 :	XXXXXXXXXXXX;
	6739 :	XXXXXXXXXXXX;
	6738 :	XXXXXXXXXXXX;
	6737 :	XXXXXXXXXXXX;
	6736 :	XXXXXXXXXXXX;
	6735 :	XXXXXXXXXXXX;
	6734 :	XXXXXXXXXXXX;
	6733 :	XXXXXXXXXXXX;
	6732 :	XXXXXXXXXXXX;
	6731 :	XXXXXXXXXXXX;
	6730 :	XXXXXXXXXXXX;
	6729 :	XXXXXXXXXXXX;
	6728 :	XXXXXXXXXXXX;
	6727 :	XXXXXXXXXXXX;
	6726 :	XXXXXXXXXXXX;
	6725 :	XXXXXXXXXXXX;
	6724 :	XXXXXXXXXXXX;
	6723 :	XXXXXXXXXXXX;
	6722 :	XXXXXXXXXXXX;
	6721 :	XXXXXXXXXXXX;
	6720 :	XXXXXXXXXXXX;
	6719 :	XXXXXXXXXXXX;
	6718 :	XXXXXXXXXXXX;
	6717 :	XXXXXXXXXXXX;
	6716 :	XXXXXXXXXXXX;
	6715 :	XXXXXXXXXXXX;
	6714 :	XXXXXXXXXXXX;
	6713 :	XXXXXXXXXXXX;
	6712 :	XXXXXXXXXXXX;
	6711 :	XXXXXXXXXXXX;
	6710 :	XXXXXXXXXXXX;
	6709 :	XXXXXXXXXXXX;
	6708 :	XXXXXXXXXXXX;
	6707 :	XXXXXXXXXXXX;
	6706 :	XXXXXXXXXXXX;
	6705 :	XXXXXXXXXXXX;
	6704 :	XXXXXXXXXXXX;
	6703 :	XXXXXXXXXXXX;
	6702 :	XXXXXXXXXXXX;
	6701 :	XXXXXXXXXXXX;
	6700 :	XXXXXXXXXXXX;
	6699 :	XXXXXXXXXXXX;
	6698 :	XXXXXXXXXXXX;
	6697 :	XXXXXXXXXXXX;
	6696 :	XXXXXXXXXXXX;
	6695 :	XXXXXXXXXXXX;
	6694 :	XXXXXXXXXXXX;
	6693 :	XXXXXXXXXXXX;
	6692 :	XXXXXXXXXXXX;
	6691 :	XXXXXXXXXXXX;
	6690 :	XXXXXXXXXXXX;
	6689 :	XXXXXXXXXXXX;
	6688 :	XXXXXXXXXXXX;
	6687 :	XXXXXXXXXXXX;
	6686 :	XXXXXXXXXXXX;
	6685 :	XXXXXXXXXXXX;
	6684 :	XXXXXXXXXXXX;
	6683 :	XXXXXXXXXXXX;
	6682 :	XXXXXXXXXXXX;
	6681 :	XXXXXXXXXXXX;
	6680 :	XXXXXXXXXXXX;
	6679 :	XXXXXXXXXXXX;
	6678 :	XXXXXXXXXXXX;
	6677 :	XXXXXXXXXXXX;
	6676 :	XXXXXXXXXXXX;
	6675 :	XXXXXXXXXXXX;
	6674 :	XXXXXXXXXXXX;
	6673 :	XXXXXXXXXXXX;
	6672 :	XXXXXXXXXXXX;
	6671 :	XXXXXXXXXXXX;
	6670 :	XXXXXXXXXXXX;
	6669 :	XXXXXXXXXXXX;
	6668 :	XXXXXXXXXXXX;
	6667 :	XXXXXXXXXXXX;
	6666 :	XXXXXXXXXXXX;
	6665 :	XXXXXXXXXXXX;
	6664 :	XXXXXXXXXXXX;
	6663 :	XXXXXXXXXXXX;
	6662 :	XXXXXXXXXXXX;
	6661 :	XXXXXXXXXXXX;
	6660 :	XXXXXXXXXXXX;
	6659 :	XXXXXXXXXXXX;
	6658 :	XXXXXXXXXXXX;
	6657 :	XXXXXXXXXXXX;
	6656 :	XXXXXXXXXXXX;
	6655 :	XXXXXXXXXXXX;
	6654 :	XXXXXXXXXXXX;
	6653 :	XXXXXXXXXXXX;
	6652 :	XXXXXXXXXXXX;
	6651 :	XXXXXXXXXXXX;
	6650 :	XXXXXXXXXXXX;
	6649 :	XXXXXXXXXXXX;
	6648 :	XXXXXXXXXXXX;
	6647 :	XXXXXXXXXXXX;
	6646 :	XXXXXXXXXXXX;
	6645 :	XXXXXXXXXXXX;
	6644 :	XXXXXXXXXXXX;
	6643 :	XXXXXXXXXXXX;
	6642 :	XXXXXXXXXXXX;
	6641 :	XXXXXXXXXXXX;
	6640 :	XXXXXXXXXXXX;
	6639 :	XXXXXXXXXXXX;
	6638 :	XXXXXXXXXXXX;
	6637 :	XXXXXXXXXXXX;
	6636 :	XXXXXXXXXXXX;
	6635 :	XXXXXXXXXXXX;
	6634 :	XXXXXXXXXXXX;
	6633 :	XXXXXXXXXXXX;
	6632 :	XXXXXXXXXXXX;
	6631 :	XXXXXXXXXXXX;
	6630 :	XXXXXXXXXXXX;
	6629 :	XXXXXXXXXXXX;
	6628 :	XXXXXXXXXXXX;
	6627 :	XXXXXXXXXXXX;
	6626 :	XXXXXXXXXXXX;
	6625 :	XXXXXXXXXXXX;
	6624 :	XXXXXXXXXXXX;
	6623 :	XXXXXXXXXXXX;
	6622 :	XXXXXXXXXXXX;
	6621 :	XXXXXXXXXXXX;
	6620 :	XXXXXXXXXXXX;
	6619 :	XXXXXXXXXXXX;
	6618 :	XXXXXXXXXXXX;
	6617 :	XXXXXXXXXXXX;
	6616 :	XXXXXXXXXXXX;
	6615 :	XXXXXXXXXXXX;
	6614 :	XXXXXXXXXXXX;
	6613 :	XXXXXXXXXXXX;
	6612 :	XXXXXXXXXXXX;
	6611 :	XXXXXXXXXXXX;
	6610 :	XXXXXXXXXXXX;
	6609 :	XXXXXXXXXXXX;
	6608 :	XXXXXXXXXXXX;
	6607 :	XXXXXXXXXXXX;
	6606 :	XXXXXXXXXXXX;
	6605 :	XXXXXXXXXXXX;
	6604 :	XXXXXXXXXXXX;
	6603 :	XXXXXXXXXXXX;
	6602 :	XXXXXXXXXXXX;
	6601 :	XXXXXXXXXXXX;
	6600 :	XXXXXXXXXXXX;
	6599 :	XXXXXXXXXXXX;
	6598 :	XXXXXXXXXXXX;
	6597 :	XXXXXXXXXXXX;
	6596 :	XXXXXXXXXXXX;
	6595 :	XXXXXXXXXXXX;
	6594 :	XXXXXXXXXXXX;
	6593 :	XXXXXXXXXXXX;
	6592 :	XXXXXXXXXXXX;
	6591 :	XXXXXXXXXXXX;
	6590 :	XXXXXXXXXXXX;
	6589 :	XXXXXXXXXXXX;
	6588 :	XXXXXXXXXXXX;
	6587 :	XXXXXXXXXXXX;
	6586 :	XXXXXXXXXXXX;
	6585 :	XXXXXXXXXXXX;
	6584 :	XXXXXXXXXXXX;
	6583 :	XXXXXXXXXXXX;
	6582 :	XXXXXXXXXXXX;
	6581 :	XXXXXXXXXXXX;
	6580 :	XXXXXXXXXXXX;
	6579 :	XXXXXXXXXXXX;
	6578 :	XXXXXXXXXXXX;
	6577 :	XXXXXXXXXXXX;
	6576 :	XXXXXXXXXXXX;
	6575 :	XXXXXXXXXXXX;
	6574 :	XXXXXXXXXXXX;
	6573 :	XXXXXXXXXXXX;
	6572 :	XXXXXXXXXXXX;
	6571 :	XXXXXXXXXXXX;
	6570 :	XXXXXXXXXXXX;
	6569 :	XXXXXXXXXXXX;
	6568 :	XXXXXXXXXXXX;
	6567 :	XXXXXXXXXXXX;
	6566 :	XXXXXXXXXXXX;
	6565 :	XXXXXXXXXXXX;
	6564 :	XXXXXXXXXXXX;
	6563 :	XXXXXXXXXXXX;
	6562 :	XXXXXXXXXXXX;
	6561 :	XXXXXXXXXXXX;
	6560 :	XXXXXXXXXXXX;
	6559 :	XXXXXXXXXXXX;
	6558 :	XXXXXXXXXXXX;
	6557 :	XXXXXXXXXXXX;
	6556 :	XXXXXXXXXXXX;
	6555 :	XXXXXXXXXXXX;
	6554 :	XXXXXXXXXXXX;
	6553 :	XXXXXXXXXXXX;
	6552 :	XXXXXXXXXXXX;
	6551 :	XXXXXXXXXXXX;
	6550 :	XXXXXXXXXXXX;
	6549 :	XXXXXXXXXXXX;
	6548 :	XXXXXXXXXXXX;
	6547 :	XXXXXXXXXXXX;
	6546 :	XXXXXXXXXXXX;
	6545 :	XXXXXXXXXXXX;
	6544 :	XXXXXXXXXXXX;
	6543 :	XXXXXXXXXXXX;
	6542 :	XXXXXXXXXXXX;
	6541 :	XXXXXXXXXXXX;
	6540 :	XXXXXXXXXXXX;
	6539 :	XXXXXXXXXXXX;
	6538 :	XXXXXXXXXXXX;
	6537 :	XXXXXXXXXXXX;
	6536 :	XXXXXXXXXXXX;
	6535 :	XXXXXXXXXXXX;
	6534 :	XXXXXXXXXXXX;
	6533 :	XXXXXXXXXXXX;
	6532 :	XXXXXXXXXXXX;
	6531 :	XXXXXXXXXXXX;
	6530 :	XXXXXXXXXXXX;
	6529 :	XXXXXXXXXXXX;
	6528 :	XXXXXXXXXXXX;
	6527 :	XXXXXXXXXXXX;
	6526 :	XXXXXXXXXXXX;
	6525 :	XXXXXXXXXXXX;
	6524 :	XXXXXXXXXXXX;
	6523 :	XXXXXXXXXXXX;
	6522 :	XXXXXXXXXXXX;
	6521 :	XXXXXXXXXXXX;
	6520 :	XXXXXXXXXXXX;
	6519 :	XXXXXXXXXXXX;
	6518 :	XXXXXXXXXXXX;
	6517 :	XXXXXXXXXXXX;
	6516 :	XXXXXXXXXXXX;
	6515 :	XXXXXXXXXXXX;
	6514 :	XXXXXXXXXXXX;
	6513 :	XXXXXXXXXXXX;
	6512 :	XXXXXXXXXXXX;
	6511 :	XXXXXXXXXXXX;
	6510 :	XXXXXXXXXXXX;
	6509 :	XXXXXXXXXXXX;
	6508 :	XXXXXXXXXXXX;
	6507 :	XXXXXXXXXXXX;
	6506 :	XXXXXXXXXXXX;
	6505 :	XXXXXXXXXXXX;
	6504 :	XXXXXXXXXXXX;
	6503 :	XXXXXXXXXXXX;
	6502 :	XXXXXXXXXXXX;
	6501 :	XXXXXXXXXXXX;
	6500 :	XXXXXXXXXXXX;
	6499 :	XXXXXXXXXXXX;
	6498 :	XXXXXXXXXXXX;
	6497 :	XXXXXXXXXXXX;
	6496 :	XXXXXXXXXXXX;
	6495 :	XXXXXXXXXXXX;
	6494 :	XXXXXXXXXXXX;
	6493 :	XXXXXXXXXXXX;
	6492 :	XXXXXXXXXXXX;
	6491 :	XXXXXXXXXXXX;
	6490 :	XXXXXXXXXXXX;
	6489 :	XXXXXXXXXXXX;
	6488 :	XXXXXXXXXXXX;
	6487 :	XXXXXXXXXXXX;
	6486 :	XXXXXXXXXXXX;
	6485 :	XXXXXXXXXXXX;
	6484 :	XXXXXXXXXXXX;
	6483 :	XXXXXXXXXXXX;
	6482 :	XXXXXXXXXXXX;
	6481 :	XXXXXXXXXXXX;
	6480 :	XXXXXXXXXXXX;
	6479 :	XXXXXXXXXXXX;
	6478 :	XXXXXXXXXXXX;
	6477 :	XXXXXXXXXXXX;
	6476 :	XXXXXXXXXXXX;
	6475 :	XXXXXXXXXXXX;
	6474 :	XXXXXXXXXXXX;
	6473 :	XXXXXXXXXXXX;
	6472 :	XXXXXXXXXXXX;
	6471 :	XXXXXXXXXXXX;
	6470 :	XXXXXXXXXXXX;
	6469 :	XXXXXXXXXXXX;
	6468 :	XXXXXXXXXXXX;
	6467 :	XXXXXXXXXXXX;
	6466 :	XXXXXXXXXXXX;
	6465 :	XXXXXXXXXXXX;
	6464 :	XXXXXXXXXXXX;
	6463 :	XXXXXXXXXXXX;
	6462 :	XXXXXXXXXXXX;
	6461 :	XXXXXXXXXXXX;
	6460 :	XXXXXXXXXXXX;
	6459 :	XXXXXXXXXXXX;
	6458 :	XXXXXXXXXXXX;
	6457 :	XXXXXXXXXXXX;
	6456 :	XXXXXXXXXXXX;
	6455 :	XXXXXXXXXXXX;
	6454 :	XXXXXXXXXXXX;
	6453 :	XXXXXXXXXXXX;
	6452 :	XXXXXXXXXXXX;
	6451 :	XXXXXXXXXXXX;
	6450 :	XXXXXXXXXXXX;
	6449 :	XXXXXXXXXXXX;
	6448 :	XXXXXXXXXXXX;
	6447 :	XXXXXXXXXXXX;
	6446 :	XXXXXXXXXXXX;
	6445 :	XXXXXXXXXXXX;
	6444 :	XXXXXXXXXXXX;
	6443 :	XXXXXXXXXXXX;
	6442 :	XXXXXXXXXXXX;
	6441 :	XXXXXXXXXXXX;
	6440 :	XXXXXXXXXXXX;
	6439 :	XXXXXXXXXXXX;
	6438 :	XXXXXXXXXXXX;
	6437 :	XXXXXXXXXXXX;
	6436 :	XXXXXXXXXXXX;
	6435 :	XXXXXXXXXXXX;
	6434 :	XXXXXXXXXXXX;
	6433 :	XXXXXXXXXXXX;
	6432 :	XXXXXXXXXXXX;
	6431 :	XXXXXXXXXXXX;
	6430 :	XXXXXXXXXXXX;
	6429 :	XXXXXXXXXXXX;
	6428 :	XXXXXXXXXXXX;
	6427 :	XXXXXXXXXXXX;
	6426 :	XXXXXXXXXXXX;
	6425 :	XXXXXXXXXXXX;
	6424 :	XXXXXXXXXXXX;
	6423 :	XXXXXXXXXXXX;
	6422 :	XXXXXXXXXXXX;
	6421 :	XXXXXXXXXXXX;
	6420 :	XXXXXXXXXXXX;
	6419 :	XXXXXXXXXXXX;
	6418 :	XXXXXXXXXXXX;
	6417 :	XXXXXXXXXXXX;
	6416 :	XXXXXXXXXXXX;
	6415 :	XXXXXXXXXXXX;
	6414 :	XXXXXXXXXXXX;
	6413 :	XXXXXXXXXXXX;
	6412 :	XXXXXXXXXXXX;
	6411 :	XXXXXXXXXXXX;
	6410 :	XXXXXXXXXXXX;
	6409 :	XXXXXXXXXXXX;
	6408 :	XXXXXXXXXXXX;
	6407 :	XXXXXXXXXXXX;
	6406 :	XXXXXXXXXXXX;
	6405 :	XXXXXXXXXXXX;
	6404 :	XXXXXXXXXXXX;
	6403 :	XXXXXXXXXXXX;
	6402 :	XXXXXXXXXXXX;
	6401 :	XXXXXXXXXXXX;
	6400 :	XXXXXXXXXXXX;
	6399 :	XXXXXXXXXXXX;
	6398 :	XXXXXXXXXXXX;
	6397 :	XXXXXXXXXXXX;
	6396 :	XXXXXXXXXXXX;
	6395 :	XXXXXXXXXXXX;
	6394 :	XXXXXXXXXXXX;
	6393 :	XXXXXXXXXXXX;
	6392 :	XXXXXXXXXXXX;
	6391 :	XXXXXXXXXXXX;
	6390 :	XXXXXXXXXXXX;
	6389 :	XXXXXXXXXXXX;
	6388 :	XXXXXXXXXXXX;
	6387 :	XXXXXXXXXXXX;
	6386 :	XXXXXXXXXXXX;
	6385 :	XXXXXXXXXXXX;
	6384 :	XXXXXXXXXXXX;
	6383 :	XXXXXXXXXXXX;
	6382 :	XXXXXXXXXXXX;
	6381 :	XXXXXXXXXXXX;
	6380 :	XXXXXXXXXXXX;
	6379 :	XXXXXXXXXXXX;
	6378 :	XXXXXXXXXXXX;
	6377 :	XXXXXXXXXXXX;
	6376 :	XXXXXXXXXXXX;
	6375 :	XXXXXXXXXXXX;
	6374 :	XXXXXXXXXXXX;
	6373 :	XXXXXXXXXXXX;
	6372 :	XXXXXXXXXXXX;
	6371 :	XXXXXXXXXXXX;
	6370 :	XXXXXXXXXXXX;
	6369 :	XXXXXXXXXXXX;
	6368 :	XXXXXXXXXXXX;
	6367 :	XXXXXXXXXXXX;
	6366 :	XXXXXXXXXXXX;
	6365 :	XXXXXXXXXXXX;
	6364 :	XXXXXXXXXXXX;
	6363 :	XXXXXXXXXXXX;
	6362 :	XXXXXXXXXXXX;
	6361 :	XXXXXXXXXXXX;
	6360 :	XXXXXXXXXXXX;
	6359 :	XXXXXXXXXXXX;
	6358 :	XXXXXXXXXXXX;
	6357 :	XXXXXXXXXXXX;
	6356 :	XXXXXXXXXXXX;
	6355 :	XXXXXXXXXXXX;
	6354 :	XXXXXXXXXXXX;
	6353 :	XXXXXXXXXXXX;
	6352 :	XXXXXXXXXXXX;
	6351 :	XXXXXXXXXXXX;
	6350 :	XXXXXXXXXXXX;
	6349 :	XXXXXXXXXXXX;
	6348 :	XXXXXXXXXXXX;
	6347 :	XXXXXXXXXXXX;
	6346 :	XXXXXXXXXXXX;
	6345 :	XXXXXXXXXXXX;
	6344 :	XXXXXXXXXXXX;
	6343 :	XXXXXXXXXXXX;
	6342 :	XXXXXXXXXXXX;
	6341 :	XXXXXXXXXXXX;
	6340 :	XXXXXXXXXXXX;
	6339 :	XXXXXXXXXXXX;
	6338 :	XXXXXXXXXXXX;
	6337 :	XXXXXXXXXXXX;
	6336 :	XXXXXXXXXXXX;
	6335 :	XXXXXXXXXXXX;
	6334 :	XXXXXXXXXXXX;
	6333 :	XXXXXXXXXXXX;
	6332 :	XXXXXXXXXXXX;
	6331 :	XXXXXXXXXXXX;
	6330 :	XXXXXXXXXXXX;
	6329 :	XXXXXXXXXXXX;
	6328 :	XXXXXXXXXXXX;
	6327 :	XXXXXXXXXXXX;
	6326 :	XXXXXXXXXXXX;
	6325 :	XXXXXXXXXXXX;
	6324 :	XXXXXXXXXXXX;
	6323 :	XXXXXXXXXXXX;
	6322 :	XXXXXXXXXXXX;
	6321 :	XXXXXXXXXXXX;
	6320 :	XXXXXXXXXXXX;
	6319 :	XXXXXXXXXXXX;
	6318 :	XXXXXXXXXXXX;
	6317 :	XXXXXXXXXXXX;
	6316 :	XXXXXXXXXXXX;
	6315 :	XXXXXXXXXXXX;
	6314 :	XXXXXXXXXXXX;
	6313 :	XXXXXXXXXXXX;
	6312 :	XXXXXXXXXXXX;
	6311 :	XXXXXXXXXXXX;
	6310 :	XXXXXXXXXXXX;
	6309 :	XXXXXXXXXXXX;
	6308 :	XXXXXXXXXXXX;
	6307 :	XXXXXXXXXXXX;
	6306 :	XXXXXXXXXXXX;
	6305 :	XXXXXXXXXXXX;
	6304 :	XXXXXXXXXXXX;
	6303 :	XXXXXXXXXXXX;
	6302 :	XXXXXXXXXXXX;
	6301 :	XXXXXXXXXXXX;
	6300 :	XXXXXXXXXXXX;
	6299 :	XXXXXXXXXXXX;
	6298 :	XXXXXXXXXXXX;
	6297 :	XXXXXXXXXXXX;
	6296 :	XXXXXXXXXXXX;
	6295 :	XXXXXXXXXXXX;
	6294 :	XXXXXXXXXXXX;
	6293 :	XXXXXXXXXXXX;
	6292 :	XXXXXXXXXXXX;
	6291 :	XXXXXXXXXXXX;
	6290 :	XXXXXXXXXXXX;
	6289 :	XXXXXXXXXXXX;
	6288 :	XXXXXXXXXXXX;
	6287 :	XXXXXXXXXXXX;
	6286 :	XXXXXXXXXXXX;
	6285 :	XXXXXXXXXXXX;
	6284 :	XXXXXXXXXXXX;
	6283 :	XXXXXXXXXXXX;
	6282 :	XXXXXXXXXXXX;
	6281 :	XXXXXXXXXXXX;
	6280 :	XXXXXXXXXXXX;
	6279 :	XXXXXXXXXXXX;
	6278 :	XXXXXXXXXXXX;
	6277 :	XXXXXXXXXXXX;
	6276 :	XXXXXXXXXXXX;
	6275 :	XXXXXXXXXXXX;
	6274 :	XXXXXXXXXXXX;
	6273 :	XXXXXXXXXXXX;
	6272 :	XXXXXXXXXXXX;
	6271 :	XXXXXXXXXXXX;
	6270 :	XXXXXXXXXXXX;
	6269 :	XXXXXXXXXXXX;
	6268 :	XXXXXXXXXXXX;
	6267 :	XXXXXXXXXXXX;
	6266 :	XXXXXXXXXXXX;
	6265 :	XXXXXXXXXXXX;
	6264 :	XXXXXXXXXXXX;
	6263 :	XXXXXXXXXXXX;
	6262 :	XXXXXXXXXXXX;
	6261 :	XXXXXXXXXXXX;
	6260 :	XXXXXXXXXXXX;
	6259 :	XXXXXXXXXXXX;
	6258 :	XXXXXXXXXXXX;
	6257 :	XXXXXXXXXXXX;
	6256 :	XXXXXXXXXXXX;
	6255 :	XXXXXXXXXXXX;
	6254 :	XXXXXXXXXXXX;
	6253 :	XXXXXXXXXXXX;
	6252 :	XXXXXXXXXXXX;
	6251 :	XXXXXXXXXXXX;
	6250 :	XXXXXXXXXXXX;
	6249 :	XXXXXXXXXXXX;
	6248 :	XXXXXXXXXXXX;
	6247 :	XXXXXXXXXXXX;
	6246 :	XXXXXXXXXXXX;
	6245 :	XXXXXXXXXXXX;
	6244 :	XXXXXXXXXXXX;
	6243 :	XXXXXXXXXXXX;
	6242 :	XXXXXXXXXXXX;
	6241 :	XXXXXXXXXXXX;
	6240 :	XXXXXXXXXXXX;
	6239 :	XXXXXXXXXXXX;
	6238 :	XXXXXXXXXXXX;
	6237 :	XXXXXXXXXXXX;
	6236 :	XXXXXXXXXXXX;
	6235 :	XXXXXXXXXXXX;
	6234 :	XXXXXXXXXXXX;
	6233 :	XXXXXXXXXXXX;
	6232 :	XXXXXXXXXXXX;
	6231 :	XXXXXXXXXXXX;
	6230 :	XXXXXXXXXXXX;
	6229 :	XXXXXXXXXXXX;
	6228 :	XXXXXXXXXXXX;
	6227 :	XXXXXXXXXXXX;
	6226 :	XXXXXXXXXXXX;
	6225 :	XXXXXXXXXXXX;
	6224 :	XXXXXXXXXXXX;
	6223 :	XXXXXXXXXXXX;
	6222 :	XXXXXXXXXXXX;
	6221 :	XXXXXXXXXXXX;
	6220 :	XXXXXXXXXXXX;
	6219 :	XXXXXXXXXXXX;
	6218 :	XXXXXXXXXXXX;
	6217 :	XXXXXXXXXXXX;
	6216 :	XXXXXXXXXXXX;
	6215 :	XXXXXXXXXXXX;
	6214 :	XXXXXXXXXXXX;
	6213 :	XXXXXXXXXXXX;
	6212 :	XXXXXXXXXXXX;
	6211 :	XXXXXXXXXXXX;
	6210 :	XXXXXXXXXXXX;
	6209 :	XXXXXXXXXXXX;
	6208 :	XXXXXXXXXXXX;
	6207 :	XXXXXXXXXXXX;
	6206 :	XXXXXXXXXXXX;
	6205 :	XXXXXXXXXXXX;
	6204 :	XXXXXXXXXXXX;
	6203 :	XXXXXXXXXXXX;
	6202 :	XXXXXXXXXXXX;
	6201 :	XXXXXXXXXXXX;
	6200 :	XXXXXXXXXXXX;
	6199 :	XXXXXXXXXXXX;
	6198 :	XXXXXXXXXXXX;
	6197 :	XXXXXXXXXXXX;
	6196 :	XXXXXXXXXXXX;
	6195 :	XXXXXXXXXXXX;
	6194 :	XXXXXXXXXXXX;
	6193 :	XXXXXXXXXXXX;
	6192 :	XXXXXXXXXXXX;
	6191 :	XXXXXXXXXXXX;
	6190 :	XXXXXXXXXXXX;
	6189 :	XXXXXXXXXXXX;
	6188 :	XXXXXXXXXXXX;
	6187 :	XXXXXXXXXXXX;
	6186 :	XXXXXXXXXXXX;
	6185 :	XXXXXXXXXXXX;
	6184 :	XXXXXXXXXXXX;
	6183 :	XXXXXXXXXXXX;
	6182 :	XXXXXXXXXXXX;
	6181 :	XXXXXXXXXXXX;
	6180 :	XXXXXXXXXXXX;
	6179 :	XXXXXXXXXXXX;
	6178 :	XXXXXXXXXXXX;
	6177 :	XXXXXXXXXXXX;
	6176 :	XXXXXXXXXXXX;
	6175 :	XXXXXXXXXXXX;
	6174 :	XXXXXXXXXXXX;
	6173 :	XXXXXXXXXXXX;
	6172 :	XXXXXXXXXXXX;
	6171 :	XXXXXXXXXXXX;
	6170 :	XXXXXXXXXXXX;
	6169 :	XXXXXXXXXXXX;
	6168 :	XXXXXXXXXXXX;
	6167 :	XXXXXXXXXXXX;
	6166 :	XXXXXXXXXXXX;
	6165 :	XXXXXXXXXXXX;
	6164 :	XXXXXXXXXXXX;
	6163 :	XXXXXXXXXXXX;
	6162 :	XXXXXXXXXXXX;
	6161 :	XXXXXXXXXXXX;
	6160 :	XXXXXXXXXXXX;
	6159 :	XXXXXXXXXXXX;
	6158 :	XXXXXXXXXXXX;
	6157 :	XXXXXXXXXXXX;
	6156 :	XXXXXXXXXXXX;
	6155 :	XXXXXXXXXXXX;
	6154 :	XXXXXXXXXXXX;
	6153 :	XXXXXXXXXXXX;
	6152 :	XXXXXXXXXXXX;
	6151 :	XXXXXXXXXXXX;
	6150 :	XXXXXXXXXXXX;
	6149 :	XXXXXXXXXXXX;
	6148 :	XXXXXXXXXXXX;
	6147 :	XXXXXXXXXXXX;
	6146 :	XXXXXXXXXXXX;
	6145 :	XXXXXXXXXXXX;
	6144 :	XXXXXXXXXXXX;
	6143 :	XXXXXXXXXXXX;
	6142 :	XXXXXXXXXXXX;
	6141 :	XXXXXXXXXXXX;
	6140 :	XXXXXXXXXXXX;
	6139 :	XXXXXXXXXXXX;
	6138 :	XXXXXXXXXXXX;
	6137 :	XXXXXXXXXXXX;
	6136 :	XXXXXXXXXXXX;
	6135 :	XXXXXXXXXXXX;
	6134 :	XXXXXXXXXXXX;
	6133 :	XXXXXXXXXXXX;
	6132 :	XXXXXXXXXXXX;
	6131 :	XXXXXXXXXXXX;
	6130 :	XXXXXXXXXXXX;
	6129 :	XXXXXXXXXXXX;
	6128 :	XXXXXXXXXXXX;
	6127 :	XXXXXXXXXXXX;
	6126 :	XXXXXXXXXXXX;
	6125 :	XXXXXXXXXXXX;
	6124 :	XXXXXXXXXXXX;
	6123 :	XXXXXXXXXXXX;
	6122 :	XXXXXXXXXXXX;
	6121 :	XXXXXXXXXXXX;
	6120 :	XXXXXXXXXXXX;
	6119 :	XXXXXXXXXXXX;
	6118 :	XXXXXXXXXXXX;
	6117 :	XXXXXXXXXXXX;
	6116 :	XXXXXXXXXXXX;
	6115 :	XXXXXXXXXXXX;
	6114 :	XXXXXXXXXXXX;
	6113 :	XXXXXXXXXXXX;
	6112 :	XXXXXXXXXXXX;
	6111 :	XXXXXXXXXXXX;
	6110 :	XXXXXXXXXXXX;
	6109 :	XXXXXXXXXXXX;
	6108 :	XXXXXXXXXXXX;
	6107 :	XXXXXXXXXXXX;
	6106 :	XXXXXXXXXXXX;
	6105 :	XXXXXXXXXXXX;
	6104 :	XXXXXXXXXXXX;
	6103 :	XXXXXXXXXXXX;
	6102 :	XXXXXXXXXXXX;
	6101 :	XXXXXXXXXXXX;
	6100 :	XXXXXXXXXXXX;
	6099 :	XXXXXXXXXXXX;
	6098 :	XXXXXXXXXXXX;
	6097 :	XXXXXXXXXXXX;
	6096 :	XXXXXXXXXXXX;
	6095 :	XXXXXXXXXXXX;
	6094 :	XXXXXXXXXXXX;
	6093 :	XXXXXXXXXXXX;
	6092 :	XXXXXXXXXXXX;
	6091 :	XXXXXXXXXXXX;
	6090 :	XXXXXXXXXXXX;
	6089 :	XXXXXXXXXXXX;
	6088 :	XXXXXXXXXXXX;
	6087 :	XXXXXXXXXXXX;
	6086 :	XXXXXXXXXXXX;
	6085 :	XXXXXXXXXXXX;
	6084 :	XXXXXXXXXXXX;
	6083 :	XXXXXXXXXXXX;
	6082 :	XXXXXXXXXXXX;
	6081 :	XXXXXXXXXXXX;
	6080 :	XXXXXXXXXXXX;
	6079 :	XXXXXXXXXXXX;
	6078 :	XXXXXXXXXXXX;
	6077 :	XXXXXXXXXXXX;
	6076 :	XXXXXXXXXXXX;
	6075 :	XXXXXXXXXXXX;
	6074 :	XXXXXXXXXXXX;
	6073 :	XXXXXXXXXXXX;
	6072 :	XXXXXXXXXXXX;
	6071 :	XXXXXXXXXXXX;
	6070 :	XXXXXXXXXXXX;
	6069 :	XXXXXXXXXXXX;
	6068 :	XXXXXXXXXXXX;
	6067 :	XXXXXXXXXXXX;
	6066 :	XXXXXXXXXXXX;
	6065 :	XXXXXXXXXXXX;
	6064 :	XXXXXXXXXXXX;
	6063 :	XXXXXXXXXXXX;
	6062 :	XXXXXXXXXXXX;
	6061 :	XXXXXXXXXXXX;
	6060 :	XXXXXXXXXXXX;
	6059 :	XXXXXXXXXXXX;
	6058 :	XXXXXXXXXXXX;
	6057 :	XXXXXXXXXXXX;
	6056 :	XXXXXXXXXXXX;
	6055 :	XXXXXXXXXXXX;
	6054 :	XXXXXXXXXXXX;
	6053 :	XXXXXXXXXXXX;
	6052 :	XXXXXXXXXXXX;
	6051 :	XXXXXXXXXXXX;
	6050 :	XXXXXXXXXXXX;
	6049 :	XXXXXXXXXXXX;
	6048 :	XXXXXXXXXXXX;
	6047 :	XXXXXXXXXXXX;
	6046 :	XXXXXXXXXXXX;
	6045 :	XXXXXXXXXXXX;
	6044 :	XXXXXXXXXXXX;
	6043 :	XXXXXXXXXXXX;
	6042 :	XXXXXXXXXXXX;
	6041 :	XXXXXXXXXXXX;
	6040 :	XXXXXXXXXXXX;
	6039 :	XXXXXXXXXXXX;
	6038 :	XXXXXXXXXXXX;
	6037 :	XXXXXXXXXXXX;
	6036 :	XXXXXXXXXXXX;
	6035 :	XXXXXXXXXXXX;
	6034 :	XXXXXXXXXXXX;
	6033 :	XXXXXXXXXXXX;
	6032 :	XXXXXXXXXXXX;
	6031 :	XXXXXXXXXXXX;
	6030 :	XXXXXXXXXXXX;
	6029 :	XXXXXXXXXXXX;
	6028 :	XXXXXXXXXXXX;
	6027 :	XXXXXXXXXXXX;
	6026 :	XXXXXXXXXXXX;
	6025 :	XXXXXXXXXXXX;
	6024 :	XXXXXXXXXXXX;
	6023 :	XXXXXXXXXXXX;
	6022 :	XXXXXXXXXXXX;
	6021 :	XXXXXXXXXXXX;
	6020 :	XXXXXXXXXXXX;
	6019 :	XXXXXXXXXXXX;
	6018 :	XXXXXXXXXXXX;
	6017 :	XXXXXXXXXXXX;
	6016 :	XXXXXXXXXXXX;
	6015 :	XXXXXXXXXXXX;
	6014 :	XXXXXXXXXXXX;
	6013 :	XXXXXXXXXXXX;
	6012 :	XXXXXXXXXXXX;
	6011 :	XXXXXXXXXXXX;
	6010 :	XXXXXXXXXXXX;
	6009 :	XXXXXXXXXXXX;
	6008 :	XXXXXXXXXXXX;
	6007 :	XXXXXXXXXXXX;
	6006 :	XXXXXXXXXXXX;
	6005 :	XXXXXXXXXXXX;
	6004 :	XXXXXXXXXXXX;
	6003 :	XXXXXXXXXXXX;
	6002 :	XXXXXXXXXXXX;
	6001 :	XXXXXXXXXXXX;
	6000 :	XXXXXXXXXXXX;
	5999 :	XXXXXXXXXXXX;
	5998 :	XXXXXXXXXXXX;
	5997 :	XXXXXXXXXXXX;
	5996 :	XXXXXXXXXXXX;
	5995 :	XXXXXXXXXXXX;
	5994 :	XXXXXXXXXXXX;
	5993 :	XXXXXXXXXXXX;
	5992 :	XXXXXXXXXXXX;
	5991 :	XXXXXXXXXXXX;
	5990 :	XXXXXXXXXXXX;
	5989 :	XXXXXXXXXXXX;
	5988 :	XXXXXXXXXXXX;
	5987 :	XXXXXXXXXXXX;
	5986 :	XXXXXXXXXXXX;
	5985 :	XXXXXXXXXXXX;
	5984 :	XXXXXXXXXXXX;
	5983 :	XXXXXXXXXXXX;
	5982 :	XXXXXXXXXXXX;
	5981 :	XXXXXXXXXXXX;
	5980 :	XXXXXXXXXXXX;
	5979 :	XXXXXXXXXXXX;
	5978 :	XXXXXXXXXXXX;
	5977 :	XXXXXXXXXXXX;
	5976 :	XXXXXXXXXXXX;
	5975 :	XXXXXXXXXXXX;
	5974 :	XXXXXXXXXXXX;
	5973 :	XXXXXXXXXXXX;
	5972 :	XXXXXXXXXXXX;
	5971 :	XXXXXXXXXXXX;
	5970 :	XXXXXXXXXXXX;
	5969 :	XXXXXXXXXXXX;
	5968 :	XXXXXXXXXXXX;
	5967 :	XXXXXXXXXXXX;
	5966 :	XXXXXXXXXXXX;
	5965 :	XXXXXXXXXXXX;
	5964 :	XXXXXXXXXXXX;
	5963 :	XXXXXXXXXXXX;
	5962 :	XXXXXXXXXXXX;
	5961 :	XXXXXXXXXXXX;
	5960 :	XXXXXXXXXXXX;
	5959 :	XXXXXXXXXXXX;
	5958 :	XXXXXXXXXXXX;
	5957 :	XXXXXXXXXXXX;
	5956 :	XXXXXXXXXXXX;
	5955 :	XXXXXXXXXXXX;
	5954 :	XXXXXXXXXXXX;
	5953 :	XXXXXXXXXXXX;
	5952 :	XXXXXXXXXXXX;
	5951 :	XXXXXXXXXXXX;
	5950 :	XXXXXXXXXXXX;
	5949 :	XXXXXXXXXXXX;
	5948 :	XXXXXXXXXXXX;
	5947 :	XXXXXXXXXXXX;
	5946 :	XXXXXXXXXXXX;
	5945 :	XXXXXXXXXXXX;
	5944 :	XXXXXXXXXXXX;
	5943 :	XXXXXXXXXXXX;
	5942 :	XXXXXXXXXXXX;
	5941 :	XXXXXXXXXXXX;
	5940 :	XXXXXXXXXXXX;
	5939 :	XXXXXXXXXXXX;
	5938 :	XXXXXXXXXXXX;
	5937 :	XXXXXXXXXXXX;
	5936 :	XXXXXXXXXXXX;
	5935 :	XXXXXXXXXXXX;
	5934 :	XXXXXXXXXXXX;
	5933 :	XXXXXXXXXXXX;
	5932 :	XXXXXXXXXXXX;
	5931 :	XXXXXXXXXXXX;
	5930 :	XXXXXXXXXXXX;
	5929 :	XXXXXXXXXXXX;
	5928 :	XXXXXXXXXXXX;
	5927 :	XXXXXXXXXXXX;
	5926 :	XXXXXXXXXXXX;
	5925 :	XXXXXXXXXXXX;
	5924 :	XXXXXXXXXXXX;
	5923 :	XXXXXXXXXXXX;
	5922 :	XXXXXXXXXXXX;
	5921 :	XXXXXXXXXXXX;
	5920 :	XXXXXXXXXXXX;
	5919 :	XXXXXXXXXXXX;
	5918 :	XXXXXXXXXXXX;
	5917 :	XXXXXXXXXXXX;
	5916 :	XXXXXXXXXXXX;
	5915 :	XXXXXXXXXXXX;
	5914 :	XXXXXXXXXXXX;
	5913 :	XXXXXXXXXXXX;
	5912 :	XXXXXXXXXXXX;
	5911 :	XXXXXXXXXXXX;
	5910 :	XXXXXXXXXXXX;
	5909 :	XXXXXXXXXXXX;
	5908 :	XXXXXXXXXXXX;
	5907 :	XXXXXXXXXXXX;
	5906 :	XXXXXXXXXXXX;
	5905 :	XXXXXXXXXXXX;
	5904 :	XXXXXXXXXXXX;
	5903 :	XXXXXXXXXXXX;
	5902 :	XXXXXXXXXXXX;
	5901 :	XXXXXXXXXXXX;
	5900 :	XXXXXXXXXXXX;
	5899 :	XXXXXXXXXXXX;
	5898 :	XXXXXXXXXXXX;
	5897 :	XXXXXXXXXXXX;
	5896 :	XXXXXXXXXXXX;
	5895 :	XXXXXXXXXXXX;
	5894 :	XXXXXXXXXXXX;
	5893 :	XXXXXXXXXXXX;
	5892 :	XXXXXXXXXXXX;
	5891 :	XXXXXXXXXXXX;
	5890 :	XXXXXXXXXXXX;
	5889 :	XXXXXXXXXXXX;
	5888 :	XXXXXXXXXXXX;
	5887 :	XXXXXXXXXXXX;
	5886 :	XXXXXXXXXXXX;
	5885 :	XXXXXXXXXXXX;
	5884 :	XXXXXXXXXXXX;
	5883 :	XXXXXXXXXXXX;
	5882 :	XXXXXXXXXXXX;
	5881 :	XXXXXXXXXXXX;
	5880 :	XXXXXXXXXXXX;
	5879 :	XXXXXXXXXXXX;
	5878 :	XXXXXXXXXXXX;
	5877 :	XXXXXXXXXXXX;
	5876 :	XXXXXXXXXXXX;
	5875 :	XXXXXXXXXXXX;
	5874 :	XXXXXXXXXXXX;
	5873 :	XXXXXXXXXXXX;
	5872 :	XXXXXXXXXXXX;
	5871 :	XXXXXXXXXXXX;
	5870 :	XXXXXXXXXXXX;
	5869 :	XXXXXXXXXXXX;
	5868 :	XXXXXXXXXXXX;
	5867 :	XXXXXXXXXXXX;
	5866 :	XXXXXXXXXXXX;
	5865 :	XXXXXXXXXXXX;
	5864 :	XXXXXXXXXXXX;
	5863 :	XXXXXXXXXXXX;
	5862 :	XXXXXXXXXXXX;
	5861 :	XXXXXXXXXXXX;
	5860 :	XXXXXXXXXXXX;
	5859 :	XXXXXXXXXXXX;
	5858 :	XXXXXXXXXXXX;
	5857 :	XXXXXXXXXXXX;
	5856 :	XXXXXXXXXXXX;
	5855 :	XXXXXXXXXXXX;
	5854 :	XXXXXXXXXXXX;
	5853 :	XXXXXXXXXXXX;
	5852 :	XXXXXXXXXXXX;
	5851 :	XXXXXXXXXXXX;
	5850 :	XXXXXXXXXXXX;
	5849 :	XXXXXXXXXXXX;
	5848 :	XXXXXXXXXXXX;
	5847 :	XXXXXXXXXXXX;
	5846 :	XXXXXXXXXXXX;
	5845 :	XXXXXXXXXXXX;
	5844 :	XXXXXXXXXXXX;
	5843 :	XXXXXXXXXXXX;
	5842 :	XXXXXXXXXXXX;
	5841 :	XXXXXXXXXXXX;
	5840 :	XXXXXXXXXXXX;
	5839 :	XXXXXXXXXXXX;
	5838 :	XXXXXXXXXXXX;
	5837 :	XXXXXXXXXXXX;
	5836 :	XXXXXXXXXXXX;
	5835 :	XXXXXXXXXXXX;
	5834 :	XXXXXXXXXXXX;
	5833 :	XXXXXXXXXXXX;
	5832 :	XXXXXXXXXXXX;
	5831 :	XXXXXXXXXXXX;
	5830 :	XXXXXXXXXXXX;
	5829 :	XXXXXXXXXXXX;
	5828 :	XXXXXXXXXXXX;
	5827 :	XXXXXXXXXXXX;
	5826 :	XXXXXXXXXXXX;
	5825 :	XXXXXXXXXXXX;
	5824 :	XXXXXXXXXXXX;
	5823 :	XXXXXXXXXXXX;
	5822 :	XXXXXXXXXXXX;
	5821 :	XXXXXXXXXXXX;
	5820 :	XXXXXXXXXXXX;
	5819 :	XXXXXXXXXXXX;
	5818 :	XXXXXXXXXXXX;
	5817 :	XXXXXXXXXXXX;
	5816 :	XXXXXXXXXXXX;
	5815 :	XXXXXXXXXXXX;
	5814 :	XXXXXXXXXXXX;
	5813 :	XXXXXXXXXXXX;
	5812 :	XXXXXXXXXXXX;
	5811 :	XXXXXXXXXXXX;
	5810 :	XXXXXXXXXXXX;
	5809 :	XXXXXXXXXXXX;
	5808 :	XXXXXXXXXXXX;
	5807 :	XXXXXXXXXXXX;
	5806 :	XXXXXXXXXXXX;
	5805 :	XXXXXXXXXXXX;
	5804 :	XXXXXXXXXXXX;
	5803 :	XXXXXXXXXXXX;
	5802 :	XXXXXXXXXXXX;
	5801 :	XXXXXXXXXXXX;
	5800 :	XXXXXXXXXXXX;
	5799 :	XXXXXXXXXXXX;
	5798 :	XXXXXXXXXXXX;
	5797 :	XXXXXXXXXXXX;
	5796 :	XXXXXXXXXXXX;
	5795 :	XXXXXXXXXXXX;
	5794 :	XXXXXXXXXXXX;
	5793 :	XXXXXXXXXXXX;
	5792 :	XXXXXXXXXXXX;
	5791 :	XXXXXXXXXXXX;
	5790 :	XXXXXXXXXXXX;
	5789 :	XXXXXXXXXXXX;
	5788 :	XXXXXXXXXXXX;
	5787 :	XXXXXXXXXXXX;
	5786 :	XXXXXXXXXXXX;
	5785 :	XXXXXXXXXXXX;
	5784 :	XXXXXXXXXXXX;
	5783 :	XXXXXXXXXXXX;
	5782 :	XXXXXXXXXXXX;
	5781 :	XXXXXXXXXXXX;
	5780 :	XXXXXXXXXXXX;
	5779 :	XXXXXXXXXXXX;
	5778 :	XXXXXXXXXXXX;
	5777 :	XXXXXXXXXXXX;
	5776 :	XXXXXXXXXXXX;
	5775 :	XXXXXXXXXXXX;
	5774 :	XXXXXXXXXXXX;
	5773 :	XXXXXXXXXXXX;
	5772 :	XXXXXXXXXXXX;
	5771 :	XXXXXXXXXXXX;
	5770 :	XXXXXXXXXXXX;
	5769 :	XXXXXXXXXXXX;
	5768 :	XXXXXXXXXXXX;
	5767 :	XXXXXXXXXXXX;
	5766 :	XXXXXXXXXXXX;
	5765 :	XXXXXXXXXXXX;
	5764 :	XXXXXXXXXXXX;
	5763 :	XXXXXXXXXXXX;
	5762 :	XXXXXXXXXXXX;
	5761 :	XXXXXXXXXXXX;
	5760 :	XXXXXXXXXXXX;
	5759 :	XXXXXXXXXXXX;
	5758 :	XXXXXXXXXXXX;
	5757 :	XXXXXXXXXXXX;
	5756 :	XXXXXXXXXXXX;
	5755 :	XXXXXXXXXXXX;
	5754 :	XXXXXXXXXXXX;
	5753 :	XXXXXXXXXXXX;
	5752 :	XXXXXXXXXXXX;
	5751 :	XXXXXXXXXXXX;
	5750 :	XXXXXXXXXXXX;
	5749 :	XXXXXXXXXXXX;
	5748 :	XXXXXXXXXXXX;
	5747 :	XXXXXXXXXXXX;
	5746 :	XXXXXXXXXXXX;
	5745 :	XXXXXXXXXXXX;
	5744 :	XXXXXXXXXXXX;
	5743 :	XXXXXXXXXXXX;
	5742 :	XXXXXXXXXXXX;
	5741 :	XXXXXXXXXXXX;
	5740 :	XXXXXXXXXXXX;
	5739 :	XXXXXXXXXXXX;
	5738 :	XXXXXXXXXXXX;
	5737 :	XXXXXXXXXXXX;
	5736 :	XXXXXXXXXXXX;
	5735 :	XXXXXXXXXXXX;
	5734 :	XXXXXXXXXXXX;
	5733 :	XXXXXXXXXXXX;
	5732 :	XXXXXXXXXXXX;
	5731 :	XXXXXXXXXXXX;
	5730 :	XXXXXXXXXXXX;
	5729 :	XXXXXXXXXXXX;
	5728 :	XXXXXXXXXXXX;
	5727 :	XXXXXXXXXXXX;
	5726 :	XXXXXXXXXXXX;
	5725 :	XXXXXXXXXXXX;
	5724 :	XXXXXXXXXXXX;
	5723 :	XXXXXXXXXXXX;
	5722 :	XXXXXXXXXXXX;
	5721 :	XXXXXXXXXXXX;
	5720 :	XXXXXXXXXXXX;
	5719 :	XXXXXXXXXXXX;
	5718 :	XXXXXXXXXXXX;
	5717 :	XXXXXXXXXXXX;
	5716 :	XXXXXXXXXXXX;
	5715 :	XXXXXXXXXXXX;
	5714 :	XXXXXXXXXXXX;
	5713 :	XXXXXXXXXXXX;
	5712 :	XXXXXXXXXXXX;
	5711 :	XXXXXXXXXXXX;
	5710 :	XXXXXXXXXXXX;
	5709 :	XXXXXXXXXXXX;
	5708 :	XXXXXXXXXXXX;
	5707 :	XXXXXXXXXXXX;
	5706 :	XXXXXXXXXXXX;
	5705 :	XXXXXXXXXXXX;
	5704 :	XXXXXXXXXXXX;
	5703 :	XXXXXXXXXXXX;
	5702 :	XXXXXXXXXXXX;
	5701 :	XXXXXXXXXXXX;
	5700 :	XXXXXXXXXXXX;
	5699 :	XXXXXXXXXXXX;
	5698 :	XXXXXXXXXXXX;
	5697 :	XXXXXXXXXXXX;
	5696 :	XXXXXXXXXXXX;
	5695 :	XXXXXXXXXXXX;
	5694 :	XXXXXXXXXXXX;
	5693 :	XXXXXXXXXXXX;
	5692 :	XXXXXXXXXXXX;
	5691 :	XXXXXXXXXXXX;
	5690 :	XXXXXXXXXXXX;
	5689 :	XXXXXXXXXXXX;
	5688 :	XXXXXXXXXXXX;
	5687 :	XXXXXXXXXXXX;
	5686 :	XXXXXXXXXXXX;
	5685 :	XXXXXXXXXXXX;
	5684 :	XXXXXXXXXXXX;
	5683 :	XXXXXXXXXXXX;
	5682 :	XXXXXXXXXXXX;
	5681 :	XXXXXXXXXXXX;
	5680 :	XXXXXXXXXXXX;
	5679 :	XXXXXXXXXXXX;
	5678 :	XXXXXXXXXXXX;
	5677 :	XXXXXXXXXXXX;
	5676 :	XXXXXXXXXXXX;
	5675 :	XXXXXXXXXXXX;
	5674 :	XXXXXXXXXXXX;
	5673 :	XXXXXXXXXXXX;
	5672 :	XXXXXXXXXXXX;
	5671 :	XXXXXXXXXXXX;
	5670 :	XXXXXXXXXXXX;
	5669 :	XXXXXXXXXXXX;
	5668 :	XXXXXXXXXXXX;
	5667 :	XXXXXXXXXXXX;
	5666 :	XXXXXXXXXXXX;
	5665 :	XXXXXXXXXXXX;
	5664 :	XXXXXXXXXXXX;
	5663 :	XXXXXXXXXXXX;
	5662 :	XXXXXXXXXXXX;
	5661 :	XXXXXXXXXXXX;
	5660 :	XXXXXXXXXXXX;
	5659 :	XXXXXXXXXXXX;
	5658 :	XXXXXXXXXXXX;
	5657 :	XXXXXXXXXXXX;
	5656 :	XXXXXXXXXXXX;
	5655 :	XXXXXXXXXXXX;
	5654 :	XXXXXXXXXXXX;
	5653 :	XXXXXXXXXXXX;
	5652 :	XXXXXXXXXXXX;
	5651 :	XXXXXXXXXXXX;
	5650 :	XXXXXXXXXXXX;
	5649 :	XXXXXXXXXXXX;
	5648 :	XXXXXXXXXXXX;
	5647 :	XXXXXXXXXXXX;
	5646 :	XXXXXXXXXXXX;
	5645 :	XXXXXXXXXXXX;
	5644 :	XXXXXXXXXXXX;
	5643 :	XXXXXXXXXXXX;
	5642 :	XXXXXXXXXXXX;
	5641 :	XXXXXXXXXXXX;
	5640 :	XXXXXXXXXXXX;
	5639 :	XXXXXXXXXXXX;
	5638 :	XXXXXXXXXXXX;
	5637 :	XXXXXXXXXXXX;
	5636 :	XXXXXXXXXXXX;
	5635 :	XXXXXXXXXXXX;
	5634 :	XXXXXXXXXXXX;
	5633 :	XXXXXXXXXXXX;
	5632 :	XXXXXXXXXXXX;
	5631 :	XXXXXXXXXXXX;
	5630 :	XXXXXXXXXXXX;
	5629 :	XXXXXXXXXXXX;
	5628 :	XXXXXXXXXXXX;
	5627 :	XXXXXXXXXXXX;
	5626 :	XXXXXXXXXXXX;
	5625 :	XXXXXXXXXXXX;
	5624 :	XXXXXXXXXXXX;
	5623 :	XXXXXXXXXXXX;
	5622 :	XXXXXXXXXXXX;
	5621 :	XXXXXXXXXXXX;
	5620 :	XXXXXXXXXXXX;
	5619 :	XXXXXXXXXXXX;
	5618 :	XXXXXXXXXXXX;
	5617 :	XXXXXXXXXXXX;
	5616 :	XXXXXXXXXXXX;
	5615 :	XXXXXXXXXXXX;
	5614 :	XXXXXXXXXXXX;
	5613 :	XXXXXXXXXXXX;
	5612 :	XXXXXXXXXXXX;
	5611 :	XXXXXXXXXXXX;
	5610 :	XXXXXXXXXXXX;
	5609 :	XXXXXXXXXXXX;
	5608 :	XXXXXXXXXXXX;
	5607 :	XXXXXXXXXXXX;
	5606 :	XXXXXXXXXXXX;
	5605 :	XXXXXXXXXXXX;
	5604 :	XXXXXXXXXXXX;
	5603 :	XXXXXXXXXXXX;
	5602 :	XXXXXXXXXXXX;
	5601 :	XXXXXXXXXXXX;
	5600 :	XXXXXXXXXXXX;
	5599 :	XXXXXXXXXXXX;
	5598 :	XXXXXXXXXXXX;
	5597 :	XXXXXXXXXXXX;
	5596 :	XXXXXXXXXXXX;
	5595 :	XXXXXXXXXXXX;
	5594 :	XXXXXXXXXXXX;
	5593 :	XXXXXXXXXXXX;
	5592 :	XXXXXXXXXXXX;
	5591 :	XXXXXXXXXXXX;
	5590 :	XXXXXXXXXXXX;
	5589 :	XXXXXXXXXXXX;
	5588 :	XXXXXXXXXXXX;
	5587 :	XXXXXXXXXXXX;
	5586 :	XXXXXXXXXXXX;
	5585 :	XXXXXXXXXXXX;
	5584 :	XXXXXXXXXXXX;
	5583 :	XXXXXXXXXXXX;
	5582 :	XXXXXXXXXXXX;
	5581 :	XXXXXXXXXXXX;
	5580 :	XXXXXXXXXXXX;
	5579 :	XXXXXXXXXXXX;
	5578 :	XXXXXXXXXXXX;
	5577 :	XXXXXXXXXXXX;
	5576 :	XXXXXXXXXXXX;
	5575 :	XXXXXXXXXXXX;
	5574 :	XXXXXXXXXXXX;
	5573 :	XXXXXXXXXXXX;
	5572 :	XXXXXXXXXXXX;
	5571 :	XXXXXXXXXXXX;
	5570 :	XXXXXXXXXXXX;
	5569 :	XXXXXXXXXXXX;
	5568 :	XXXXXXXXXXXX;
	5567 :	XXXXXXXXXXXX;
	5566 :	XXXXXXXXXXXX;
	5565 :	XXXXXXXXXXXX;
	5564 :	XXXXXXXXXXXX;
	5563 :	XXXXXXXXXXXX;
	5562 :	XXXXXXXXXXXX;
	5561 :	XXXXXXXXXXXX;
	5560 :	XXXXXXXXXXXX;
	5559 :	XXXXXXXXXXXX;
	5558 :	XXXXXXXXXXXX;
	5557 :	XXXXXXXXXXXX;
	5556 :	XXXXXXXXXXXX;
	5555 :	XXXXXXXXXXXX;
	5554 :	XXXXXXXXXXXX;
	5553 :	XXXXXXXXXXXX;
	5552 :	XXXXXXXXXXXX;
	5551 :	XXXXXXXXXXXX;
	5550 :	XXXXXXXXXXXX;
	5549 :	XXXXXXXXXXXX;
	5548 :	XXXXXXXXXXXX;
	5547 :	XXXXXXXXXXXX;
	5546 :	XXXXXXXXXXXX;
	5545 :	XXXXXXXXXXXX;
	5544 :	XXXXXXXXXXXX;
	5543 :	XXXXXXXXXXXX;
	5542 :	XXXXXXXXXXXX;
	5541 :	XXXXXXXXXXXX;
	5540 :	XXXXXXXXXXXX;
	5539 :	XXXXXXXXXXXX;
	5538 :	XXXXXXXXXXXX;
	5537 :	XXXXXXXXXXXX;
	5536 :	XXXXXXXXXXXX;
	5535 :	XXXXXXXXXXXX;
	5534 :	XXXXXXXXXXXX;
	5533 :	XXXXXXXXXXXX;
	5532 :	XXXXXXXXXXXX;
	5531 :	XXXXXXXXXXXX;
	5530 :	XXXXXXXXXXXX;
	5529 :	XXXXXXXXXXXX;
	5528 :	XXXXXXXXXXXX;
	5527 :	XXXXXXXXXXXX;
	5526 :	XXXXXXXXXXXX;
	5525 :	XXXXXXXXXXXX;
	5524 :	XXXXXXXXXXXX;
	5523 :	XXXXXXXXXXXX;
	5522 :	XXXXXXXXXXXX;
	5521 :	XXXXXXXXXXXX;
	5520 :	XXXXXXXXXXXX;
	5519 :	XXXXXXXXXXXX;
	5518 :	XXXXXXXXXXXX;
	5517 :	XXXXXXXXXXXX;
	5516 :	XXXXXXXXXXXX;
	5515 :	XXXXXXXXXXXX;
	5514 :	XXXXXXXXXXXX;
	5513 :	XXXXXXXXXXXX;
	5512 :	XXXXXXXXXXXX;
	5511 :	XXXXXXXXXXXX;
	5510 :	XXXXXXXXXXXX;
	5509 :	XXXXXXXXXXXX;
	5508 :	XXXXXXXXXXXX;
	5507 :	XXXXXXXXXXXX;
	5506 :	XXXXXXXXXXXX;
	5505 :	XXXXXXXXXXXX;
	5504 :	XXXXXXXXXXXX;
	5503 :	XXXXXXXXXXXX;
	5502 :	XXXXXXXXXXXX;
	5501 :	XXXXXXXXXXXX;
	5500 :	XXXXXXXXXXXX;
	5499 :	XXXXXXXXXXXX;
	5498 :	XXXXXXXXXXXX;
	5497 :	XXXXXXXXXXXX;
	5496 :	XXXXXXXXXXXX;
	5495 :	XXXXXXXXXXXX;
	5494 :	XXXXXXXXXXXX;
	5493 :	XXXXXXXXXXXX;
	5492 :	XXXXXXXXXXXX;
	5491 :	XXXXXXXXXXXX;
	5490 :	XXXXXXXXXXXX;
	5489 :	XXXXXXXXXXXX;
	5488 :	XXXXXXXXXXXX;
	5487 :	XXXXXXXXXXXX;
	5486 :	XXXXXXXXXXXX;
	5485 :	XXXXXXXXXXXX;
	5484 :	XXXXXXXXXXXX;
	5483 :	XXXXXXXXXXXX;
	5482 :	XXXXXXXXXXXX;
	5481 :	XXXXXXXXXXXX;
	5480 :	XXXXXXXXXXXX;
	5479 :	XXXXXXXXXXXX;
	5478 :	XXXXXXXXXXXX;
	5477 :	XXXXXXXXXXXX;
	5476 :	XXXXXXXXXXXX;
	5475 :	XXXXXXXXXXXX;
	5474 :	XXXXXXXXXXXX;
	5473 :	XXXXXXXXXXXX;
	5472 :	XXXXXXXXXXXX;
	5471 :	XXXXXXXXXXXX;
	5470 :	XXXXXXXXXXXX;
	5469 :	XXXXXXXXXXXX;
	5468 :	XXXXXXXXXXXX;
	5467 :	XXXXXXXXXXXX;
	5466 :	XXXXXXXXXXXX;
	5465 :	XXXXXXXXXXXX;
	5464 :	XXXXXXXXXXXX;
	5463 :	XXXXXXXXXXXX;
	5462 :	XXXXXXXXXXXX;
	5461 :	XXXXXXXXXXXX;
	5460 :	XXXXXXXXXXXX;
	5459 :	XXXXXXXXXXXX;
	5458 :	XXXXXXXXXXXX;
	5457 :	XXXXXXXXXXXX;
	5456 :	XXXXXXXXXXXX;
	5455 :	XXXXXXXXXXXX;
	5454 :	XXXXXXXXXXXX;
	5453 :	XXXXXXXXXXXX;
	5452 :	XXXXXXXXXXXX;
	5451 :	XXXXXXXXXXXX;
	5450 :	XXXXXXXXXXXX;
	5449 :	XXXXXXXXXXXX;
	5448 :	XXXXXXXXXXXX;
	5447 :	XXXXXXXXXXXX;
	5446 :	XXXXXXXXXXXX;
	5445 :	XXXXXXXXXXXX;
	5444 :	XXXXXXXXXXXX;
	5443 :	XXXXXXXXXXXX;
	5442 :	XXXXXXXXXXXX;
	5441 :	XXXXXXXXXXXX;
	5440 :	XXXXXXXXXXXX;
	5439 :	XXXXXXXXXXXX;
	5438 :	XXXXXXXXXXXX;
	5437 :	XXXXXXXXXXXX;
	5436 :	XXXXXXXXXXXX;
	5435 :	XXXXXXXXXXXX;
	5434 :	XXXXXXXXXXXX;
	5433 :	XXXXXXXXXXXX;
	5432 :	XXXXXXXXXXXX;
	5431 :	XXXXXXXXXXXX;
	5430 :	XXXXXXXXXXXX;
	5429 :	XXXXXXXXXXXX;
	5428 :	XXXXXXXXXXXX;
	5427 :	XXXXXXXXXXXX;
	5426 :	XXXXXXXXXXXX;
	5425 :	XXXXXXXXXXXX;
	5424 :	XXXXXXXXXXXX;
	5423 :	XXXXXXXXXXXX;
	5422 :	XXXXXXXXXXXX;
	5421 :	XXXXXXXXXXXX;
	5420 :	XXXXXXXXXXXX;
	5419 :	XXXXXXXXXXXX;
	5418 :	XXXXXXXXXXXX;
	5417 :	XXXXXXXXXXXX;
	5416 :	XXXXXXXXXXXX;
	5415 :	XXXXXXXXXXXX;
	5414 :	XXXXXXXXXXXX;
	5413 :	XXXXXXXXXXXX;
	5412 :	XXXXXXXXXXXX;
	5411 :	XXXXXXXXXXXX;
	5410 :	XXXXXXXXXXXX;
	5409 :	XXXXXXXXXXXX;
	5408 :	XXXXXXXXXXXX;
	5407 :	XXXXXXXXXXXX;
	5406 :	XXXXXXXXXXXX;
	5405 :	XXXXXXXXXXXX;
	5404 :	XXXXXXXXXXXX;
	5403 :	XXXXXXXXXXXX;
	5402 :	XXXXXXXXXXXX;
	5401 :	XXXXXXXXXXXX;
	5400 :	XXXXXXXXXXXX;
	5399 :	XXXXXXXXXXXX;
	5398 :	XXXXXXXXXXXX;
	5397 :	XXXXXXXXXXXX;
	5396 :	XXXXXXXXXXXX;
	5395 :	XXXXXXXXXXXX;
	5394 :	XXXXXXXXXXXX;
	5393 :	XXXXXXXXXXXX;
	5392 :	XXXXXXXXXXXX;
	5391 :	XXXXXXXXXXXX;
	5390 :	XXXXXXXXXXXX;
	5389 :	XXXXXXXXXXXX;
	5388 :	XXXXXXXXXXXX;
	5387 :	XXXXXXXXXXXX;
	5386 :	XXXXXXXXXXXX;
	5385 :	XXXXXXXXXXXX;
	5384 :	XXXXXXXXXXXX;
	5383 :	XXXXXXXXXXXX;
	5382 :	XXXXXXXXXXXX;
	5381 :	XXXXXXXXXXXX;
	5380 :	XXXXXXXXXXXX;
	5379 :	XXXXXXXXXXXX;
	5378 :	XXXXXXXXXXXX;
	5377 :	XXXXXXXXXXXX;
	5376 :	XXXXXXXXXXXX;
	5375 :	XXXXXXXXXXXX;
	5374 :	XXXXXXXXXXXX;
	5373 :	XXXXXXXXXXXX;
	5372 :	XXXXXXXXXXXX;
	5371 :	XXXXXXXXXXXX;
	5370 :	XXXXXXXXXXXX;
	5369 :	XXXXXXXXXXXX;
	5368 :	XXXXXXXXXXXX;
	5367 :	XXXXXXXXXXXX;
	5366 :	XXXXXXXXXXXX;
	5365 :	XXXXXXXXXXXX;
	5364 :	XXXXXXXXXXXX;
	5363 :	XXXXXXXXXXXX;
	5362 :	XXXXXXXXXXXX;
	5361 :	XXXXXXXXXXXX;
	5360 :	XXXXXXXXXXXX;
	5359 :	XXXXXXXXXXXX;
	5358 :	XXXXXXXXXXXX;
	5357 :	XXXXXXXXXXXX;
	5356 :	XXXXXXXXXXXX;
	5355 :	XXXXXXXXXXXX;
	5354 :	XXXXXXXXXXXX;
	5353 :	XXXXXXXXXXXX;
	5352 :	XXXXXXXXXXXX;
	5351 :	XXXXXXXXXXXX;
	5350 :	XXXXXXXXXXXX;
	5349 :	XXXXXXXXXXXX;
	5348 :	XXXXXXXXXXXX;
	5347 :	XXXXXXXXXXXX;
	5346 :	XXXXXXXXXXXX;
	5345 :	XXXXXXXXXXXX;
	5344 :	XXXXXXXXXXXX;
	5343 :	XXXXXXXXXXXX;
	5342 :	XXXXXXXXXXXX;
	5341 :	XXXXXXXXXXXX;
	5340 :	XXXXXXXXXXXX;
	5339 :	XXXXXXXXXXXX;
	5338 :	XXXXXXXXXXXX;
	5337 :	XXXXXXXXXXXX;
	5336 :	XXXXXXXXXXXX;
	5335 :	XXXXXXXXXXXX;
	5334 :	XXXXXXXXXXXX;
	5333 :	XXXXXXXXXXXX;
	5332 :	XXXXXXXXXXXX;
	5331 :	XXXXXXXXXXXX;
	5330 :	XXXXXXXXXXXX;
	5329 :	XXXXXXXXXXXX;
	5328 :	XXXXXXXXXXXX;
	5327 :	XXXXXXXXXXXX;
	5326 :	XXXXXXXXXXXX;
	5325 :	XXXXXXXXXXXX;
	5324 :	XXXXXXXXXXXX;
	5323 :	XXXXXXXXXXXX;
	5322 :	XXXXXXXXXXXX;
	5321 :	XXXXXXXXXXXX;
	5320 :	XXXXXXXXXXXX;
	5319 :	XXXXXXXXXXXX;
	5318 :	XXXXXXXXXXXX;
	5317 :	XXXXXXXXXXXX;
	5316 :	XXXXXXXXXXXX;
	5315 :	XXXXXXXXXXXX;
	5314 :	XXXXXXXXXXXX;
	5313 :	XXXXXXXXXXXX;
	5312 :	XXXXXXXXXXXX;
	5311 :	XXXXXXXXXXXX;
	5310 :	XXXXXXXXXXXX;
	5309 :	XXXXXXXXXXXX;
	5308 :	XXXXXXXXXXXX;
	5307 :	XXXXXXXXXXXX;
	5306 :	XXXXXXXXXXXX;
	5305 :	XXXXXXXXXXXX;
	5304 :	XXXXXXXXXXXX;
	5303 :	XXXXXXXXXXXX;
	5302 :	XXXXXXXXXXXX;
	5301 :	XXXXXXXXXXXX;
	5300 :	XXXXXXXXXXXX;
	5299 :	XXXXXXXXXXXX;
	5298 :	XXXXXXXXXXXX;
	5297 :	XXXXXXXXXXXX;
	5296 :	XXXXXXXXXXXX;
	5295 :	XXXXXXXXXXXX;
	5294 :	XXXXXXXXXXXX;
	5293 :	XXXXXXXXXXXX;
	5292 :	XXXXXXXXXXXX;
	5291 :	XXXXXXXXXXXX;
	5290 :	XXXXXXXXXXXX;
	5289 :	XXXXXXXXXXXX;
	5288 :	XXXXXXXXXXXX;
	5287 :	XXXXXXXXXXXX;
	5286 :	XXXXXXXXXXXX;
	5285 :	XXXXXXXXXXXX;
	5284 :	XXXXXXXXXXXX;
	5283 :	XXXXXXXXXXXX;
	5282 :	XXXXXXXXXXXX;
	5281 :	XXXXXXXXXXXX;
	5280 :	XXXXXXXXXXXX;
	5279 :	XXXXXXXXXXXX;
	5278 :	XXXXXXXXXXXX;
	5277 :	XXXXXXXXXXXX;
	5276 :	XXXXXXXXXXXX;
	5275 :	XXXXXXXXXXXX;
	5274 :	XXXXXXXXXXXX;
	5273 :	XXXXXXXXXXXX;
	5272 :	XXXXXXXXXXXX;
	5271 :	XXXXXXXXXXXX;
	5270 :	XXXXXXXXXXXX;
	5269 :	XXXXXXXXXXXX;
	5268 :	XXXXXXXXXXXX;
	5267 :	XXXXXXXXXXXX;
	5266 :	XXXXXXXXXXXX;
	5265 :	XXXXXXXXXXXX;
	5264 :	XXXXXXXXXXXX;
	5263 :	XXXXXXXXXXXX;
	5262 :	XXXXXXXXXXXX;
	5261 :	XXXXXXXXXXXX;
	5260 :	XXXXXXXXXXXX;
	5259 :	XXXXXXXXXXXX;
	5258 :	XXXXXXXXXXXX;
	5257 :	XXXXXXXXXXXX;
	5256 :	XXXXXXXXXXXX;
	5255 :	XXXXXXXXXXXX;
	5254 :	XXXXXXXXXXXX;
	5253 :	XXXXXXXXXXXX;
	5252 :	XXXXXXXXXXXX;
	5251 :	XXXXXXXXXXXX;
	5250 :	XXXXXXXXXXXX;
	5249 :	XXXXXXXXXXXX;
	5248 :	XXXXXXXXXXXX;
	5247 :	XXXXXXXXXXXX;
	5246 :	XXXXXXXXXXXX;
	5245 :	XXXXXXXXXXXX;
	5244 :	XXXXXXXXXXXX;
	5243 :	XXXXXXXXXXXX;
	5242 :	XXXXXXXXXXXX;
	5241 :	XXXXXXXXXXXX;
	5240 :	XXXXXXXXXXXX;
	5239 :	XXXXXXXXXXXX;
	5238 :	XXXXXXXXXXXX;
	5237 :	XXXXXXXXXXXX;
	5236 :	XXXXXXXXXXXX;
	5235 :	XXXXXXXXXXXX;
	5234 :	XXXXXXXXXXXX;
	5233 :	XXXXXXXXXXXX;
	5232 :	XXXXXXXXXXXX;
	5231 :	XXXXXXXXXXXX;
	5230 :	XXXXXXXXXXXX;
	5229 :	XXXXXXXXXXXX;
	5228 :	XXXXXXXXXXXX;
	5227 :	XXXXXXXXXXXX;
	5226 :	XXXXXXXXXXXX;
	5225 :	XXXXXXXXXXXX;
	5224 :	XXXXXXXXXXXX;
	5223 :	XXXXXXXXXXXX;
	5222 :	XXXXXXXXXXXX;
	5221 :	XXXXXXXXXXXX;
	5220 :	XXXXXXXXXXXX;
	5219 :	XXXXXXXXXXXX;
	5218 :	XXXXXXXXXXXX;
	5217 :	XXXXXXXXXXXX;
	5216 :	XXXXXXXXXXXX;
	5215 :	XXXXXXXXXXXX;
	5214 :	XXXXXXXXXXXX;
	5213 :	XXXXXXXXXXXX;
	5212 :	XXXXXXXXXXXX;
	5211 :	XXXXXXXXXXXX;
	5210 :	XXXXXXXXXXXX;
	5209 :	XXXXXXXXXXXX;
	5208 :	XXXXXXXXXXXX;
	5207 :	XXXXXXXXXXXX;
	5206 :	XXXXXXXXXXXX;
	5205 :	XXXXXXXXXXXX;
	5204 :	XXXXXXXXXXXX;
	5203 :	XXXXXXXXXXXX;
	5202 :	XXXXXXXXXXXX;
	5201 :	XXXXXXXXXXXX;
	5200 :	XXXXXXXXXXXX;
	5199 :	XXXXXXXXXXXX;
	5198 :	XXXXXXXXXXXX;
	5197 :	XXXXXXXXXXXX;
	5196 :	XXXXXXXXXXXX;
	5195 :	XXXXXXXXXXXX;
	5194 :	XXXXXXXXXXXX;
	5193 :	XXXXXXXXXXXX;
	5192 :	XXXXXXXXXXXX;
	5191 :	XXXXXXXXXXXX;
	5190 :	XXXXXXXXXXXX;
	5189 :	XXXXXXXXXXXX;
	5188 :	XXXXXXXXXXXX;
	5187 :	XXXXXXXXXXXX;
	5186 :	XXXXXXXXXXXX;
	5185 :	XXXXXXXXXXXX;
	5184 :	XXXXXXXXXXXX;
	5183 :	XXXXXXXXXXXX;
	5182 :	XXXXXXXXXXXX;
	5181 :	XXXXXXXXXXXX;
	5180 :	XXXXXXXXXXXX;
	5179 :	XXXXXXXXXXXX;
	5178 :	XXXXXXXXXXXX;
	5177 :	XXXXXXXXXXXX;
	5176 :	XXXXXXXXXXXX;
	5175 :	XXXXXXXXXXXX;
	5174 :	XXXXXXXXXXXX;
	5173 :	XXXXXXXXXXXX;
	5172 :	XXXXXXXXXXXX;
	5171 :	XXXXXXXXXXXX;
	5170 :	XXXXXXXXXXXX;
	5169 :	XXXXXXXXXXXX;
	5168 :	XXXXXXXXXXXX;
	5167 :	XXXXXXXXXXXX;
	5166 :	XXXXXXXXXXXX;
	5165 :	XXXXXXXXXXXX;
	5164 :	XXXXXXXXXXXX;
	5163 :	XXXXXXXXXXXX;
	5162 :	XXXXXXXXXXXX;
	5161 :	XXXXXXXXXXXX;
	5160 :	XXXXXXXXXXXX;
	5159 :	XXXXXXXXXXXX;
	5158 :	XXXXXXXXXXXX;
	5157 :	XXXXXXXXXXXX;
	5156 :	XXXXXXXXXXXX;
	5155 :	XXXXXXXXXXXX;
	5154 :	XXXXXXXXXXXX;
	5153 :	XXXXXXXXXXXX;
	5152 :	XXXXXXXXXXXX;
	5151 :	XXXXXXXXXXXX;
	5150 :	XXXXXXXXXXXX;
	5149 :	XXXXXXXXXXXX;
	5148 :	XXXXXXXXXXXX;
	5147 :	XXXXXXXXXXXX;
	5146 :	XXXXXXXXXXXX;
	5145 :	XXXXXXXXXXXX;
	5144 :	XXXXXXXXXXXX;
	5143 :	XXXXXXXXXXXX;
	5142 :	XXXXXXXXXXXX;
	5141 :	XXXXXXXXXXXX;
	5140 :	XXXXXXXXXXXX;
	5139 :	XXXXXXXXXXXX;
	5138 :	XXXXXXXXXXXX;
	5137 :	XXXXXXXXXXXX;
	5136 :	XXXXXXXXXXXX;
	5135 :	XXXXXXXXXXXX;
	5134 :	XXXXXXXXXXXX;
	5133 :	XXXXXXXXXXXX;
	5132 :	XXXXXXXXXXXX;
	5131 :	XXXXXXXXXXXX;
	5130 :	XXXXXXXXXXXX;
	5129 :	XXXXXXXXXXXX;
	5128 :	XXXXXXXXXXXX;
	5127 :	XXXXXXXXXXXX;
	5126 :	XXXXXXXXXXXX;
	5125 :	XXXXXXXXXXXX;
	5124 :	XXXXXXXXXXXX;
	5123 :	XXXXXXXXXXXX;
	5122 :	XXXXXXXXXXXX;
	5121 :	XXXXXXXXXXXX;
	5120 :	XXXXXXXXXXXX;
	5119 :	XXXXXXXXXXXX;
	5118 :	XXXXXXXXXXXX;
	5117 :	XXXXXXXXXXXX;
	5116 :	XXXXXXXXXXXX;
	5115 :	XXXXXXXXXXXX;
	5114 :	XXXXXXXXXXXX;
	5113 :	XXXXXXXXXXXX;
	5112 :	XXXXXXXXXXXX;
	5111 :	XXXXXXXXXXXX;
	5110 :	XXXXXXXXXXXX;
	5109 :	XXXXXXXXXXXX;
	5108 :	XXXXXXXXXXXX;
	5107 :	XXXXXXXXXXXX;
	5106 :	XXXXXXXXXXXX;
	5105 :	XXXXXXXXXXXX;
	5104 :	XXXXXXXXXXXX;
	5103 :	XXXXXXXXXXXX;
	5102 :	XXXXXXXXXXXX;
	5101 :	XXXXXXXXXXXX;
	5100 :	XXXXXXXXXXXX;
	5099 :	XXXXXXXXXXXX;
	5098 :	XXXXXXXXXXXX;
	5097 :	XXXXXXXXXXXX;
	5096 :	XXXXXXXXXXXX;
	5095 :	XXXXXXXXXXXX;
	5094 :	XXXXXXXXXXXX;
	5093 :	XXXXXXXXXXXX;
	5092 :	XXXXXXXXXXXX;
	5091 :	XXXXXXXXXXXX;
	5090 :	XXXXXXXXXXXX;
	5089 :	XXXXXXXXXXXX;
	5088 :	XXXXXXXXXXXX;
	5087 :	XXXXXXXXXXXX;
	5086 :	XXXXXXXXXXXX;
	5085 :	XXXXXXXXXXXX;
	5084 :	XXXXXXXXXXXX;
	5083 :	XXXXXXXXXXXX;
	5082 :	XXXXXXXXXXXX;
	5081 :	XXXXXXXXXXXX;
	5080 :	XXXXXXXXXXXX;
	5079 :	XXXXXXXXXXXX;
	5078 :	XXXXXXXXXXXX;
	5077 :	XXXXXXXXXXXX;
	5076 :	XXXXXXXXXXXX;
	5075 :	XXXXXXXXXXXX;
	5074 :	XXXXXXXXXXXX;
	5073 :	XXXXXXXXXXXX;
	5072 :	XXXXXXXXXXXX;
	5071 :	XXXXXXXXXXXX;
	5070 :	XXXXXXXXXXXX;
	5069 :	XXXXXXXXXXXX;
	5068 :	XXXXXXXXXXXX;
	5067 :	XXXXXXXXXXXX;
	5066 :	XXXXXXXXXXXX;
	5065 :	XXXXXXXXXXXX;
	5064 :	XXXXXXXXXXXX;
	5063 :	XXXXXXXXXXXX;
	5062 :	XXXXXXXXXXXX;
	5061 :	XXXXXXXXXXXX;
	5060 :	XXXXXXXXXXXX;
	5059 :	XXXXXXXXXXXX;
	5058 :	XXXXXXXXXXXX;
	5057 :	XXXXXXXXXXXX;
	5056 :	XXXXXXXXXXXX;
	5055 :	XXXXXXXXXXXX;
	5054 :	XXXXXXXXXXXX;
	5053 :	XXXXXXXXXXXX;
	5052 :	XXXXXXXXXXXX;
	5051 :	XXXXXXXXXXXX;
	5050 :	XXXXXXXXXXXX;
	5049 :	XXXXXXXXXXXX;
	5048 :	XXXXXXXXXXXX;
	5047 :	XXXXXXXXXXXX;
	5046 :	XXXXXXXXXXXX;
	5045 :	XXXXXXXXXXXX;
	5044 :	XXXXXXXXXXXX;
	5043 :	XXXXXXXXXXXX;
	5042 :	XXXXXXXXXXXX;
	5041 :	XXXXXXXXXXXX;
	5040 :	XXXXXXXXXXXX;
	5039 :	XXXXXXXXXXXX;
	5038 :	XXXXXXXXXXXX;
	5037 :	XXXXXXXXXXXX;
	5036 :	XXXXXXXXXXXX;
	5035 :	XXXXXXXXXXXX;
	5034 :	XXXXXXXXXXXX;
	5033 :	XXXXXXXXXXXX;
	5032 :	XXXXXXXXXXXX;
	5031 :	XXXXXXXXXXXX;
	5030 :	XXXXXXXXXXXX;
	5029 :	XXXXXXXXXXXX;
	5028 :	XXXXXXXXXXXX;
	5027 :	XXXXXXXXXXXX;
	5026 :	XXXXXXXXXXXX;
	5025 :	XXXXXXXXXXXX;
	5024 :	XXXXXXXXXXXX;
	5023 :	XXXXXXXXXXXX;
	5022 :	XXXXXXXXXXXX;
	5021 :	XXXXXXXXXXXX;
	5020 :	XXXXXXXXXXXX;
	5019 :	XXXXXXXXXXXX;
	5018 :	XXXXXXXXXXXX;
	5017 :	XXXXXXXXXXXX;
	5016 :	XXXXXXXXXXXX;
	5015 :	XXXXXXXXXXXX;
	5014 :	XXXXXXXXXXXX;
	5013 :	XXXXXXXXXXXX;
	5012 :	XXXXXXXXXXXX;
	5011 :	XXXXXXXXXXXX;
	5010 :	XXXXXXXXXXXX;
	5009 :	XXXXXXXXXXXX;
	5008 :	XXXXXXXXXXXX;
	5007 :	XXXXXXXXXXXX;
	5006 :	XXXXXXXXXXXX;
	5005 :	XXXXXXXXXXXX;
	5004 :	XXXXXXXXXXXX;
	5003 :	XXXXXXXXXXXX;
	5002 :	XXXXXXXXXXXX;
	5001 :	XXXXXXXXXXXX;
	5000 :	XXXXXXXXXXXX;
	4999 :	XXXXXXXXXXXX;
	4998 :	XXXXXXXXXXXX;
	4997 :	XXXXXXXXXXXX;
	4996 :	XXXXXXXXXXXX;
	4995 :	XXXXXXXXXXXX;
	4994 :	XXXXXXXXXXXX;
	4993 :	XXXXXXXXXXXX;
	4992 :	XXXXXXXXXXXX;
	4991 :	XXXXXXXXXXXX;
	4990 :	XXXXXXXXXXXX;
	4989 :	XXXXXXXXXXXX;
	4988 :	XXXXXXXXXXXX;
	4987 :	XXXXXXXXXXXX;
	4986 :	XXXXXXXXXXXX;
	4985 :	XXXXXXXXXXXX;
	4984 :	XXXXXXXXXXXX;
	4983 :	XXXXXXXXXXXX;
	4982 :	XXXXXXXXXXXX;
	4981 :	XXXXXXXXXXXX;
	4980 :	XXXXXXXXXXXX;
	4979 :	XXXXXXXXXXXX;
	4978 :	XXXXXXXXXXXX;
	4977 :	XXXXXXXXXXXX;
	4976 :	XXXXXXXXXXXX;
	4975 :	XXXXXXXXXXXX;
	4974 :	XXXXXXXXXXXX;
	4973 :	XXXXXXXXXXXX;
	4972 :	XXXXXXXXXXXX;
	4971 :	XXXXXXXXXXXX;
	4970 :	XXXXXXXXXXXX;
	4969 :	XXXXXXXXXXXX;
	4968 :	XXXXXXXXXXXX;
	4967 :	XXXXXXXXXXXX;
	4966 :	XXXXXXXXXXXX;
	4965 :	XXXXXXXXXXXX;
	4964 :	XXXXXXXXXXXX;
	4963 :	XXXXXXXXXXXX;
	4962 :	XXXXXXXXXXXX;
	4961 :	XXXXXXXXXXXX;
	4960 :	XXXXXXXXXXXX;
	4959 :	XXXXXXXXXXXX;
	4958 :	XXXXXXXXXXXX;
	4957 :	XXXXXXXXXXXX;
	4956 :	XXXXXXXXXXXX;
	4955 :	XXXXXXXXXXXX;
	4954 :	XXXXXXXXXXXX;
	4953 :	XXXXXXXXXXXX;
	4952 :	XXXXXXXXXXXX;
	4951 :	XXXXXXXXXXXX;
	4950 :	XXXXXXXXXXXX;
	4949 :	XXXXXXXXXXXX;
	4948 :	XXXXXXXXXXXX;
	4947 :	XXXXXXXXXXXX;
	4946 :	XXXXXXXXXXXX;
	4945 :	XXXXXXXXXXXX;
	4944 :	XXXXXXXXXXXX;
	4943 :	XXXXXXXXXXXX;
	4942 :	XXXXXXXXXXXX;
	4941 :	XXXXXXXXXXXX;
	4940 :	XXXXXXXXXXXX;
	4939 :	XXXXXXXXXXXX;
	4938 :	XXXXXXXXXXXX;
	4937 :	XXXXXXXXXXXX;
	4936 :	XXXXXXXXXXXX;
	4935 :	XXXXXXXXXXXX;
	4934 :	XXXXXXXXXXXX;
	4933 :	XXXXXXXXXXXX;
	4932 :	XXXXXXXXXXXX;
	4931 :	XXXXXXXXXXXX;
	4930 :	XXXXXXXXXXXX;
	4929 :	XXXXXXXXXXXX;
	4928 :	XXXXXXXXXXXX;
	4927 :	XXXXXXXXXXXX;
	4926 :	XXXXXXXXXXXX;
	4925 :	XXXXXXXXXXXX;
	4924 :	XXXXXXXXXXXX;
	4923 :	XXXXXXXXXXXX;
	4922 :	XXXXXXXXXXXX;
	4921 :	XXXXXXXXXXXX;
	4920 :	XXXXXXXXXXXX;
	4919 :	XXXXXXXXXXXX;
	4918 :	XXXXXXXXXXXX;
	4917 :	XXXXXXXXXXXX;
	4916 :	XXXXXXXXXXXX;
	4915 :	XXXXXXXXXXXX;
	4914 :	XXXXXXXXXXXX;
	4913 :	XXXXXXXXXXXX;
	4912 :	XXXXXXXXXXXX;
	4911 :	XXXXXXXXXXXX;
	4910 :	XXXXXXXXXXXX;
	4909 :	XXXXXXXXXXXX;
	4908 :	XXXXXXXXXXXX;
	4907 :	XXXXXXXXXXXX;
	4906 :	XXXXXXXXXXXX;
	4905 :	XXXXXXXXXXXX;
	4904 :	XXXXXXXXXXXX;
	4903 :	XXXXXXXXXXXX;
	4902 :	XXXXXXXXXXXX;
	4901 :	XXXXXXXXXXXX;
	4900 :	XXXXXXXXXXXX;
	4899 :	XXXXXXXXXXXX;
	4898 :	XXXXXXXXXXXX;
	4897 :	XXXXXXXXXXXX;
	4896 :	XXXXXXXXXXXX;
	4895 :	XXXXXXXXXXXX;
	4894 :	XXXXXXXXXXXX;
	4893 :	XXXXXXXXXXXX;
	4892 :	XXXXXXXXXXXX;
	4891 :	XXXXXXXXXXXX;
	4890 :	XXXXXXXXXXXX;
	4889 :	XXXXXXXXXXXX;
	4888 :	XXXXXXXXXXXX;
	4887 :	XXXXXXXXXXXX;
	4886 :	XXXXXXXXXXXX;
	4885 :	XXXXXXXXXXXX;
	4884 :	XXXXXXXXXXXX;
	4883 :	XXXXXXXXXXXX;
	4882 :	XXXXXXXXXXXX;
	4881 :	XXXXXXXXXXXX;
	4880 :	XXXXXXXXXXXX;
	4879 :	XXXXXXXXXXXX;
	4878 :	XXXXXXXXXXXX;
	4877 :	XXXXXXXXXXXX;
	4876 :	XXXXXXXXXXXX;
	4875 :	XXXXXXXXXXXX;
	4874 :	XXXXXXXXXXXX;
	4873 :	XXXXXXXXXXXX;
	4872 :	XXXXXXXXXXXX;
	4871 :	XXXXXXXXXXXX;
	4870 :	XXXXXXXXXXXX;
	4869 :	XXXXXXXXXXXX;
	4868 :	XXXXXXXXXXXX;
	4867 :	XXXXXXXXXXXX;
	4866 :	XXXXXXXXXXXX;
	4865 :	XXXXXXXXXXXX;
	4864 :	XXXXXXXXXXXX;
	4863 :	XXXXXXXXXXXX;
	4862 :	XXXXXXXXXXXX;
	4861 :	XXXXXXXXXXXX;
	4860 :	XXXXXXXXXXXX;
	4859 :	XXXXXXXXXXXX;
	4858 :	XXXXXXXXXXXX;
	4857 :	XXXXXXXXXXXX;
	4856 :	XXXXXXXXXXXX;
	4855 :	XXXXXXXXXXXX;
	4854 :	XXXXXXXXXXXX;
	4853 :	XXXXXXXXXXXX;
	4852 :	XXXXXXXXXXXX;
	4851 :	XXXXXXXXXXXX;
	4850 :	XXXXXXXXXXXX;
	4849 :	XXXXXXXXXXXX;
	4848 :	XXXXXXXXXXXX;
	4847 :	XXXXXXXXXXXX;
	4846 :	XXXXXXXXXXXX;
	4845 :	XXXXXXXXXXXX;
	4844 :	XXXXXXXXXXXX;
	4843 :	XXXXXXXXXXXX;
	4842 :	XXXXXXXXXXXX;
	4841 :	XXXXXXXXXXXX;
	4840 :	XXXXXXXXXXXX;
	4839 :	XXXXXXXXXXXX;
	4838 :	XXXXXXXXXXXX;
	4837 :	XXXXXXXXXXXX;
	4836 :	XXXXXXXXXXXX;
	4835 :	XXXXXXXXXXXX;
	4834 :	XXXXXXXXXXXX;
	4833 :	XXXXXXXXXXXX;
	4832 :	XXXXXXXXXXXX;
	4831 :	XXXXXXXXXXXX;
	4830 :	XXXXXXXXXXXX;
	4829 :	XXXXXXXXXXXX;
	4828 :	XXXXXXXXXXXX;
	4827 :	XXXXXXXXXXXX;
	4826 :	XXXXXXXXXXXX;
	4825 :	XXXXXXXXXXXX;
	4824 :	XXXXXXXXXXXX;
	4823 :	XXXXXXXXXXXX;
	4822 :	XXXXXXXXXXXX;
	4821 :	XXXXXXXXXXXX;
	4820 :	XXXXXXXXXXXX;
	4819 :	XXXXXXXXXXXX;
	4818 :	XXXXXXXXXXXX;
	4817 :	XXXXXXXXXXXX;
	4816 :	XXXXXXXXXXXX;
	4815 :	XXXXXXXXXXXX;
	4814 :	XXXXXXXXXXXX;
	4813 :	XXXXXXXXXXXX;
	4812 :	XXXXXXXXXXXX;
	4811 :	XXXXXXXXXXXX;
	4810 :	XXXXXXXXXXXX;
	4809 :	XXXXXXXXXXXX;
	4808 :	XXXXXXXXXXXX;
	4807 :	XXXXXXXXXXXX;
	4806 :	XXXXXXXXXXXX;
	4805 :	XXXXXXXXXXXX;
	4804 :	XXXXXXXXXXXX;
	4803 :	XXXXXXXXXXXX;
	4802 :	XXXXXXXXXXXX;
	4801 :	XXXXXXXXXXXX;
	4800 :	XXXXXXXXXXXX;
	4799 :	XXXXXXXXXXXX;
	4798 :	XXXXXXXXXXXX;
	4797 :	XXXXXXXXXXXX;
	4796 :	XXXXXXXXXXXX;
	4795 :	XXXXXXXXXXXX;
	4794 :	XXXXXXXXXXXX;
	4793 :	XXXXXXXXXXXX;
	4792 :	XXXXXXXXXXXX;
	4791 :	XXXXXXXXXXXX;
	4790 :	XXXXXXXXXXXX;
	4789 :	XXXXXXXXXXXX;
	4788 :	XXXXXXXXXXXX;
	4787 :	XXXXXXXXXXXX;
	4786 :	XXXXXXXXXXXX;
	4785 :	XXXXXXXXXXXX;
	4784 :	XXXXXXXXXXXX;
	4783 :	XXXXXXXXXXXX;
	4782 :	XXXXXXXXXXXX;
	4781 :	XXXXXXXXXXXX;
	4780 :	XXXXXXXXXXXX;
	4779 :	XXXXXXXXXXXX;
	4778 :	XXXXXXXXXXXX;
	4777 :	XXXXXXXXXXXX;
	4776 :	XXXXXXXXXXXX;
	4775 :	XXXXXXXXXXXX;
	4774 :	XXXXXXXXXXXX;
	4773 :	XXXXXXXXXXXX;
	4772 :	XXXXXXXXXXXX;
	4771 :	XXXXXXXXXXXX;
	4770 :	XXXXXXXXXXXX;
	4769 :	XXXXXXXXXXXX;
	4768 :	XXXXXXXXXXXX;
	4767 :	XXXXXXXXXXXX;
	4766 :	XXXXXXXXXXXX;
	4765 :	XXXXXXXXXXXX;
	4764 :	XXXXXXXXXXXX;
	4763 :	XXXXXXXXXXXX;
	4762 :	XXXXXXXXXXXX;
	4761 :	XXXXXXXXXXXX;
	4760 :	XXXXXXXXXXXX;
	4759 :	XXXXXXXXXXXX;
	4758 :	XXXXXXXXXXXX;
	4757 :	XXXXXXXXXXXX;
	4756 :	XXXXXXXXXXXX;
	4755 :	XXXXXXXXXXXX;
	4754 :	XXXXXXXXXXXX;
	4753 :	XXXXXXXXXXXX;
	4752 :	XXXXXXXXXXXX;
	4751 :	XXXXXXXXXXXX;
	4750 :	XXXXXXXXXXXX;
	4749 :	XXXXXXXXXXXX;
	4748 :	XXXXXXXXXXXX;
	4747 :	XXXXXXXXXXXX;
	4746 :	XXXXXXXXXXXX;
	4745 :	XXXXXXXXXXXX;
	4744 :	XXXXXXXXXXXX;
	4743 :	XXXXXXXXXXXX;
	4742 :	XXXXXXXXXXXX;
	4741 :	XXXXXXXXXXXX;
	4740 :	XXXXXXXXXXXX;
	4739 :	XXXXXXXXXXXX;
	4738 :	XXXXXXXXXXXX;
	4737 :	XXXXXXXXXXXX;
	4736 :	XXXXXXXXXXXX;
	4735 :	XXXXXXXXXXXX;
	4734 :	XXXXXXXXXXXX;
	4733 :	XXXXXXXXXXXX;
	4732 :	XXXXXXXXXXXX;
	4731 :	XXXXXXXXXXXX;
	4730 :	XXXXXXXXXXXX;
	4729 :	XXXXXXXXXXXX;
	4728 :	XXXXXXXXXXXX;
	4727 :	XXXXXXXXXXXX;
	4726 :	XXXXXXXXXXXX;
	4725 :	XXXXXXXXXXXX;
	4724 :	XXXXXXXXXXXX;
	4723 :	XXXXXXXXXXXX;
	4722 :	XXXXXXXXXXXX;
	4721 :	XXXXXXXXXXXX;
	4720 :	XXXXXXXXXXXX;
	4719 :	XXXXXXXXXXXX;
	4718 :	XXXXXXXXXXXX;
	4717 :	XXXXXXXXXXXX;
	4716 :	XXXXXXXXXXXX;
	4715 :	XXXXXXXXXXXX;
	4714 :	XXXXXXXXXXXX;
	4713 :	XXXXXXXXXXXX;
	4712 :	XXXXXXXXXXXX;
	4711 :	XXXXXXXXXXXX;
	4710 :	XXXXXXXXXXXX;
	4709 :	XXXXXXXXXXXX;
	4708 :	XXXXXXXXXXXX;
	4707 :	XXXXXXXXXXXX;
	4706 :	XXXXXXXXXXXX;
	4705 :	XXXXXXXXXXXX;
	4704 :	XXXXXXXXXXXX;
	4703 :	XXXXXXXXXXXX;
	4702 :	XXXXXXXXXXXX;
	4701 :	XXXXXXXXXXXX;
	4700 :	XXXXXXXXXXXX;
	4699 :	XXXXXXXXXXXX;
	4698 :	XXXXXXXXXXXX;
	4697 :	XXXXXXXXXXXX;
	4696 :	XXXXXXXXXXXX;
	4695 :	XXXXXXXXXXXX;
	4694 :	XXXXXXXXXXXX;
	4693 :	XXXXXXXXXXXX;
	4692 :	XXXXXXXXXXXX;
	4691 :	XXXXXXXXXXXX;
	4690 :	XXXXXXXXXXXX;
	4689 :	XXXXXXXXXXXX;
	4688 :	XXXXXXXXXXXX;
	4687 :	XXXXXXXXXXXX;
	4686 :	XXXXXXXXXXXX;
	4685 :	XXXXXXXXXXXX;
	4684 :	XXXXXXXXXXXX;
	4683 :	XXXXXXXXXXXX;
	4682 :	XXXXXXXXXXXX;
	4681 :	XXXXXXXXXXXX;
	4680 :	XXXXXXXXXXXX;
	4679 :	XXXXXXXXXXXX;
	4678 :	XXXXXXXXXXXX;
	4677 :	XXXXXXXXXXXX;
	4676 :	XXXXXXXXXXXX;
	4675 :	XXXXXXXXXXXX;
	4674 :	XXXXXXXXXXXX;
	4673 :	XXXXXXXXXXXX;
	4672 :	XXXXXXXXXXXX;
	4671 :	XXXXXXXXXXXX;
	4670 :	XXXXXXXXXXXX;
	4669 :	XXXXXXXXXXXX;
	4668 :	XXXXXXXXXXXX;
	4667 :	XXXXXXXXXXXX;
	4666 :	XXXXXXXXXXXX;
	4665 :	XXXXXXXXXXXX;
	4664 :	XXXXXXXXXXXX;
	4663 :	XXXXXXXXXXXX;
	4662 :	XXXXXXXXXXXX;
	4661 :	XXXXXXXXXXXX;
	4660 :	XXXXXXXXXXXX;
	4659 :	XXXXXXXXXXXX;
	4658 :	XXXXXXXXXXXX;
	4657 :	XXXXXXXXXXXX;
	4656 :	XXXXXXXXXXXX;
	4655 :	XXXXXXXXXXXX;
	4654 :	XXXXXXXXXXXX;
	4653 :	XXXXXXXXXXXX;
	4652 :	XXXXXXXXXXXX;
	4651 :	XXXXXXXXXXXX;
	4650 :	XXXXXXXXXXXX;
	4649 :	XXXXXXXXXXXX;
	4648 :	XXXXXXXXXXXX;
	4647 :	XXXXXXXXXXXX;
	4646 :	XXXXXXXXXXXX;
	4645 :	XXXXXXXXXXXX;
	4644 :	XXXXXXXXXXXX;
	4643 :	XXXXXXXXXXXX;
	4642 :	XXXXXXXXXXXX;
	4641 :	XXXXXXXXXXXX;
	4640 :	XXXXXXXXXXXX;
	4639 :	XXXXXXXXXXXX;
	4638 :	XXXXXXXXXXXX;
	4637 :	XXXXXXXXXXXX;
	4636 :	XXXXXXXXXXXX;
	4635 :	XXXXXXXXXXXX;
	4634 :	XXXXXXXXXXXX;
	4633 :	XXXXXXXXXXXX;
	4632 :	XXXXXXXXXXXX;
	4631 :	XXXXXXXXXXXX;
	4630 :	XXXXXXXXXXXX;
	4629 :	XXXXXXXXXXXX;
	4628 :	XXXXXXXXXXXX;
	4627 :	XXXXXXXXXXXX;
	4626 :	XXXXXXXXXXXX;
	4625 :	XXXXXXXXXXXX;
	4624 :	XXXXXXXXXXXX;
	4623 :	XXXXXXXXXXXX;
	4622 :	XXXXXXXXXXXX;
	4621 :	XXXXXXXXXXXX;
	4620 :	XXXXXXXXXXXX;
	4619 :	XXXXXXXXXXXX;
	4618 :	XXXXXXXXXXXX;
	4617 :	XXXXXXXXXXXX;
	4616 :	XXXXXXXXXXXX;
	4615 :	XXXXXXXXXXXX;
	4614 :	XXXXXXXXXXXX;
	4613 :	XXXXXXXXXXXX;
	4612 :	XXXXXXXXXXXX;
	4611 :	XXXXXXXXXXXX;
	4610 :	XXXXXXXXXXXX;
	4609 :	XXXXXXXXXXXX;
	4608 :	XXXXXXXXXXXX;
	4607 :	XXXXXXXXXXXX;
	4606 :	XXXXXXXXXXXX;
	4605 :	XXXXXXXXXXXX;
	4604 :	XXXXXXXXXXXX;
	4603 :	XXXXXXXXXXXX;
	4602 :	XXXXXXXXXXXX;
	4601 :	XXXXXXXXXXXX;
	4600 :	XXXXXXXXXXXX;
	4599 :	XXXXXXXXXXXX;
	4598 :	XXXXXXXXXXXX;
	4597 :	XXXXXXXXXXXX;
	4596 :	XXXXXXXXXXXX;
	4595 :	XXXXXXXXXXXX;
	4594 :	XXXXXXXXXXXX;
	4593 :	XXXXXXXXXXXX;
	4592 :	XXXXXXXXXXXX;
	4591 :	XXXXXXXXXXXX;
	4590 :	XXXXXXXXXXXX;
	4589 :	XXXXXXXXXXXX;
	4588 :	XXXXXXXXXXXX;
	4587 :	XXXXXXXXXXXX;
	4586 :	XXXXXXXXXXXX;
	4585 :	XXXXXXXXXXXX;
	4584 :	XXXXXXXXXXXX;
	4583 :	XXXXXXXXXXXX;
	4582 :	XXXXXXXXXXXX;
	4581 :	XXXXXXXXXXXX;
	4580 :	XXXXXXXXXXXX;
	4579 :	XXXXXXXXXXXX;
	4578 :	XXXXXXXXXXXX;
	4577 :	XXXXXXXXXXXX;
	4576 :	XXXXXXXXXXXX;
	4575 :	XXXXXXXXXXXX;
	4574 :	XXXXXXXXXXXX;
	4573 :	XXXXXXXXXXXX;
	4572 :	XXXXXXXXXXXX;
	4571 :	XXXXXXXXXXXX;
	4570 :	XXXXXXXXXXXX;
	4569 :	XXXXXXXXXXXX;
	4568 :	XXXXXXXXXXXX;
	4567 :	XXXXXXXXXXXX;
	4566 :	XXXXXXXXXXXX;
	4565 :	XXXXXXXXXXXX;
	4564 :	XXXXXXXXXXXX;
	4563 :	XXXXXXXXXXXX;
	4562 :	XXXXXXXXXXXX;
	4561 :	XXXXXXXXXXXX;
	4560 :	XXXXXXXXXXXX;
	4559 :	XXXXXXXXXXXX;
	4558 :	XXXXXXXXXXXX;
	4557 :	XXXXXXXXXXXX;
	4556 :	XXXXXXXXXXXX;
	4555 :	XXXXXXXXXXXX;
	4554 :	XXXXXXXXXXXX;
	4553 :	XXXXXXXXXXXX;
	4552 :	XXXXXXXXXXXX;
	4551 :	XXXXXXXXXXXX;
	4550 :	XXXXXXXXXXXX;
	4549 :	XXXXXXXXXXXX;
	4548 :	XXXXXXXXXXXX;
	4547 :	XXXXXXXXXXXX;
	4546 :	XXXXXXXXXXXX;
	4545 :	XXXXXXXXXXXX;
	4544 :	XXXXXXXXXXXX;
	4543 :	XXXXXXXXXXXX;
	4542 :	XXXXXXXXXXXX;
	4541 :	XXXXXXXXXXXX;
	4540 :	XXXXXXXXXXXX;
	4539 :	XXXXXXXXXXXX;
	4538 :	XXXXXXXXXXXX;
	4537 :	XXXXXXXXXXXX;
	4536 :	XXXXXXXXXXXX;
	4535 :	XXXXXXXXXXXX;
	4534 :	XXXXXXXXXXXX;
	4533 :	XXXXXXXXXXXX;
	4532 :	XXXXXXXXXXXX;
	4531 :	XXXXXXXXXXXX;
	4530 :	XXXXXXXXXXXX;
	4529 :	XXXXXXXXXXXX;
	4528 :	XXXXXXXXXXXX;
	4527 :	XXXXXXXXXXXX;
	4526 :	XXXXXXXXXXXX;
	4525 :	XXXXXXXXXXXX;
	4524 :	XXXXXXXXXXXX;
	4523 :	XXXXXXXXXXXX;
	4522 :	XXXXXXXXXXXX;
	4521 :	XXXXXXXXXXXX;
	4520 :	XXXXXXXXXXXX;
	4519 :	XXXXXXXXXXXX;
	4518 :	XXXXXXXXXXXX;
	4517 :	XXXXXXXXXXXX;
	4516 :	XXXXXXXXXXXX;
	4515 :	XXXXXXXXXXXX;
	4514 :	XXXXXXXXXXXX;
	4513 :	XXXXXXXXXXXX;
	4512 :	XXXXXXXXXXXX;
	4511 :	XXXXXXXXXXXX;
	4510 :	XXXXXXXXXXXX;
	4509 :	XXXXXXXXXXXX;
	4508 :	XXXXXXXXXXXX;
	4507 :	XXXXXXXXXXXX;
	4506 :	XXXXXXXXXXXX;
	4505 :	XXXXXXXXXXXX;
	4504 :	XXXXXXXXXXXX;
	4503 :	XXXXXXXXXXXX;
	4502 :	XXXXXXXXXXXX;
	4501 :	XXXXXXXXXXXX;
	4500 :	XXXXXXXXXXXX;
	4499 :	XXXXXXXXXXXX;
	4498 :	XXXXXXXXXXXX;
	4497 :	XXXXXXXXXXXX;
	4496 :	XXXXXXXXXXXX;
	4495 :	XXXXXXXXXXXX;
	4494 :	XXXXXXXXXXXX;
	4493 :	XXXXXXXXXXXX;
	4492 :	XXXXXXXXXXXX;
	4491 :	XXXXXXXXXXXX;
	4490 :	XXXXXXXXXXXX;
	4489 :	XXXXXXXXXXXX;
	4488 :	XXXXXXXXXXXX;
	4487 :	XXXXXXXXXXXX;
	4486 :	XXXXXXXXXXXX;
	4485 :	XXXXXXXXXXXX;
	4484 :	XXXXXXXXXXXX;
	4483 :	XXXXXXXXXXXX;
	4482 :	XXXXXXXXXXXX;
	4481 :	XXXXXXXXXXXX;
	4480 :	XXXXXXXXXXXX;
	4479 :	XXXXXXXXXXXX;
	4478 :	XXXXXXXXXXXX;
	4477 :	XXXXXXXXXXXX;
	4476 :	XXXXXXXXXXXX;
	4475 :	XXXXXXXXXXXX;
	4474 :	XXXXXXXXXXXX;
	4473 :	XXXXXXXXXXXX;
	4472 :	XXXXXXXXXXXX;
	4471 :	XXXXXXXXXXXX;
	4470 :	XXXXXXXXXXXX;
	4469 :	XXXXXXXXXXXX;
	4468 :	XXXXXXXXXXXX;
	4467 :	XXXXXXXXXXXX;
	4466 :	XXXXXXXXXXXX;
	4465 :	XXXXXXXXXXXX;
	4464 :	XXXXXXXXXXXX;
	4463 :	XXXXXXXXXXXX;
	4462 :	XXXXXXXXXXXX;
	4461 :	XXXXXXXXXXXX;
	4460 :	XXXXXXXXXXXX;
	4459 :	XXXXXXXXXXXX;
	4458 :	XXXXXXXXXXXX;
	4457 :	XXXXXXXXXXXX;
	4456 :	XXXXXXXXXXXX;
	4455 :	XXXXXXXXXXXX;
	4454 :	XXXXXXXXXXXX;
	4453 :	XXXXXXXXXXXX;
	4452 :	XXXXXXXXXXXX;
	4451 :	XXXXXXXXXXXX;
	4450 :	XXXXXXXXXXXX;
	4449 :	XXXXXXXXXXXX;
	4448 :	XXXXXXXXXXXX;
	4447 :	XXXXXXXXXXXX;
	4446 :	XXXXXXXXXXXX;
	4445 :	XXXXXXXXXXXX;
	4444 :	XXXXXXXXXXXX;
	4443 :	XXXXXXXXXXXX;
	4442 :	XXXXXXXXXXXX;
	4441 :	XXXXXXXXXXXX;
	4440 :	XXXXXXXXXXXX;
	4439 :	XXXXXXXXXXXX;
	4438 :	XXXXXXXXXXXX;
	4437 :	XXXXXXXXXXXX;
	4436 :	XXXXXXXXXXXX;
	4435 :	XXXXXXXXXXXX;
	4434 :	XXXXXXXXXXXX;
	4433 :	XXXXXXXXXXXX;
	4432 :	XXXXXXXXXXXX;
	4431 :	XXXXXXXXXXXX;
	4430 :	XXXXXXXXXXXX;
	4429 :	XXXXXXXXXXXX;
	4428 :	XXXXXXXXXXXX;
	4427 :	XXXXXXXXXXXX;
	4426 :	XXXXXXXXXXXX;
	4425 :	XXXXXXXXXXXX;
	4424 :	XXXXXXXXXXXX;
	4423 :	XXXXXXXXXXXX;
	4422 :	XXXXXXXXXXXX;
	4421 :	XXXXXXXXXXXX;
	4420 :	XXXXXXXXXXXX;
	4419 :	XXXXXXXXXXXX;
	4418 :	XXXXXXXXXXXX;
	4417 :	XXXXXXXXXXXX;
	4416 :	XXXXXXXXXXXX;
	4415 :	XXXXXXXXXXXX;
	4414 :	XXXXXXXXXXXX;
	4413 :	XXXXXXXXXXXX;
	4412 :	XXXXXXXXXXXX;
	4411 :	XXXXXXXXXXXX;
	4410 :	XXXXXXXXXXXX;
	4409 :	XXXXXXXXXXXX;
	4408 :	XXXXXXXXXXXX;
	4407 :	XXXXXXXXXXXX;
	4406 :	XXXXXXXXXXXX;
	4405 :	XXXXXXXXXXXX;
	4404 :	XXXXXXXXXXXX;
	4403 :	XXXXXXXXXXXX;
	4402 :	XXXXXXXXXXXX;
	4401 :	XXXXXXXXXXXX;
	4400 :	XXXXXXXXXXXX;
	4399 :	XXXXXXXXXXXX;
	4398 :	XXXXXXXXXXXX;
	4397 :	XXXXXXXXXXXX;
	4396 :	XXXXXXXXXXXX;
	4395 :	XXXXXXXXXXXX;
	4394 :	XXXXXXXXXXXX;
	4393 :	XXXXXXXXXXXX;
	4392 :	XXXXXXXXXXXX;
	4391 :	XXXXXXXXXXXX;
	4390 :	XXXXXXXXXXXX;
	4389 :	XXXXXXXXXXXX;
	4388 :	XXXXXXXXXXXX;
	4387 :	XXXXXXXXXXXX;
	4386 :	XXXXXXXXXXXX;
	4385 :	XXXXXXXXXXXX;
	4384 :	XXXXXXXXXXXX;
	4383 :	XXXXXXXXXXXX;
	4382 :	XXXXXXXXXXXX;
	4381 :	XXXXXXXXXXXX;
	4380 :	XXXXXXXXXXXX;
	4379 :	XXXXXXXXXXXX;
	4378 :	XXXXXXXXXXXX;
	4377 :	XXXXXXXXXXXX;
	4376 :	XXXXXXXXXXXX;
	4375 :	XXXXXXXXXXXX;
	4374 :	XXXXXXXXXXXX;
	4373 :	XXXXXXXXXXXX;
	4372 :	XXXXXXXXXXXX;
	4371 :	XXXXXXXXXXXX;
	4370 :	XXXXXXXXXXXX;
	4369 :	XXXXXXXXXXXX;
	4368 :	XXXXXXXXXXXX;
	4367 :	XXXXXXXXXXXX;
	4366 :	XXXXXXXXXXXX;
	4365 :	XXXXXXXXXXXX;
	4364 :	XXXXXXXXXXXX;
	4363 :	XXXXXXXXXXXX;
	4362 :	XXXXXXXXXXXX;
	4361 :	XXXXXXXXXXXX;
	4360 :	XXXXXXXXXXXX;
	4359 :	XXXXXXXXXXXX;
	4358 :	XXXXXXXXXXXX;
	4357 :	XXXXXXXXXXXX;
	4356 :	XXXXXXXXXXXX;
	4355 :	XXXXXXXXXXXX;
	4354 :	XXXXXXXXXXXX;
	4353 :	XXXXXXXXXXXX;
	4352 :	XXXXXXXXXXXX;
	4351 :	XXXXXXXXXXXX;
	4350 :	XXXXXXXXXXXX;
	4349 :	XXXXXXXXXXXX;
	4348 :	XXXXXXXXXXXX;
	4347 :	XXXXXXXXXXXX;
	4346 :	XXXXXXXXXXXX;
	4345 :	XXXXXXXXXXXX;
	4344 :	XXXXXXXXXXXX;
	4343 :	XXXXXXXXXXXX;
	4342 :	XXXXXXXXXXXX;
	4341 :	XXXXXXXXXXXX;
	4340 :	XXXXXXXXXXXX;
	4339 :	XXXXXXXXXXXX;
	4338 :	XXXXXXXXXXXX;
	4337 :	XXXXXXXXXXXX;
	4336 :	XXXXXXXXXXXX;
	4335 :	XXXXXXXXXXXX;
	4334 :	XXXXXXXXXXXX;
	4333 :	XXXXXXXXXXXX;
	4332 :	XXXXXXXXXXXX;
	4331 :	XXXXXXXXXXXX;
	4330 :	XXXXXXXXXXXX;
	4329 :	XXXXXXXXXXXX;
	4328 :	XXXXXXXXXXXX;
	4327 :	XXXXXXXXXXXX;
	4326 :	XXXXXXXXXXXX;
	4325 :	XXXXXXXXXXXX;
	4324 :	XXXXXXXXXXXX;
	4323 :	XXXXXXXXXXXX;
	4322 :	XXXXXXXXXXXX;
	4321 :	XXXXXXXXXXXX;
	4320 :	XXXXXXXXXXXX;
	4319 :	XXXXXXXXXXXX;
	4318 :	XXXXXXXXXXXX;
	4317 :	XXXXXXXXXXXX;
	4316 :	XXXXXXXXXXXX;
	4315 :	XXXXXXXXXXXX;
	4314 :	XXXXXXXXXXXX;
	4313 :	XXXXXXXXXXXX;
	4312 :	XXXXXXXXXXXX;
	4311 :	XXXXXXXXXXXX;
	4310 :	XXXXXXXXXXXX;
	4309 :	XXXXXXXXXXXX;
	4308 :	XXXXXXXXXXXX;
	4307 :	XXXXXXXXXXXX;
	4306 :	XXXXXXXXXXXX;
	4305 :	XXXXXXXXXXXX;
	4304 :	XXXXXXXXXXXX;
	4303 :	XXXXXXXXXXXX;
	4302 :	XXXXXXXXXXXX;
	4301 :	XXXXXXXXXXXX;
	4300 :	XXXXXXXXXXXX;
	4299 :	XXXXXXXXXXXX;
	4298 :	XXXXXXXXXXXX;
	4297 :	XXXXXXXXXXXX;
	4296 :	XXXXXXXXXXXX;
	4295 :	XXXXXXXXXXXX;
	4294 :	XXXXXXXXXXXX;
	4293 :	XXXXXXXXXXXX;
	4292 :	XXXXXXXXXXXX;
	4291 :	XXXXXXXXXXXX;
	4290 :	XXXXXXXXXXXX;
	4289 :	XXXXXXXXXXXX;
	4288 :	XXXXXXXXXXXX;
	4287 :	XXXXXXXXXXXX;
	4286 :	XXXXXXXXXXXX;
	4285 :	XXXXXXXXXXXX;
	4284 :	XXXXXXXXXXXX;
	4283 :	XXXXXXXXXXXX;
	4282 :	XXXXXXXXXXXX;
	4281 :	XXXXXXXXXXXX;
	4280 :	XXXXXXXXXXXX;
	4279 :	XXXXXXXXXXXX;
	4278 :	XXXXXXXXXXXX;
	4277 :	XXXXXXXXXXXX;
	4276 :	XXXXXXXXXXXX;
	4275 :	XXXXXXXXXXXX;
	4274 :	XXXXXXXXXXXX;
	4273 :	XXXXXXXXXXXX;
	4272 :	XXXXXXXXXXXX;
	4271 :	XXXXXXXXXXXX;
	4270 :	XXXXXXXXXXXX;
	4269 :	XXXXXXXXXXXX;
	4268 :	XXXXXXXXXXXX;
	4267 :	XXXXXXXXXXXX;
	4266 :	XXXXXXXXXXXX;
	4265 :	XXXXXXXXXXXX;
	4264 :	XXXXXXXXXXXX;
	4263 :	XXXXXXXXXXXX;
	4262 :	XXXXXXXXXXXX;
	4261 :	XXXXXXXXXXXX;
	4260 :	XXXXXXXXXXXX;
	4259 :	XXXXXXXXXXXX;
	4258 :	XXXXXXXXXXXX;
	4257 :	XXXXXXXXXXXX;
	4256 :	XXXXXXXXXXXX;
	4255 :	XXXXXXXXXXXX;
	4254 :	XXXXXXXXXXXX;
	4253 :	XXXXXXXXXXXX;
	4252 :	XXXXXXXXXXXX;
	4251 :	XXXXXXXXXXXX;
	4250 :	XXXXXXXXXXXX;
	4249 :	XXXXXXXXXXXX;
	4248 :	XXXXXXXXXXXX;
	4247 :	XXXXXXXXXXXX;
	4246 :	XXXXXXXXXXXX;
	4245 :	XXXXXXXXXXXX;
	4244 :	XXXXXXXXXXXX;
	4243 :	XXXXXXXXXXXX;
	4242 :	XXXXXXXXXXXX;
	4241 :	XXXXXXXXXXXX;
	4240 :	XXXXXXXXXXXX;
	4239 :	XXXXXXXXXXXX;
	4238 :	XXXXXXXXXXXX;
	4237 :	XXXXXXXXXXXX;
	4236 :	XXXXXXXXXXXX;
	4235 :	XXXXXXXXXXXX;
	4234 :	XXXXXXXXXXXX;
	4233 :	XXXXXXXXXXXX;
	4232 :	XXXXXXXXXXXX;
	4231 :	XXXXXXXXXXXX;
	4230 :	XXXXXXXXXXXX;
	4229 :	XXXXXXXXXXXX;
	4228 :	XXXXXXXXXXXX;
	4227 :	XXXXXXXXXXXX;
	4226 :	XXXXXXXXXXXX;
	4225 :	XXXXXXXXXXXX;
	4224 :	XXXXXXXXXXXX;
	4223 :	XXXXXXXXXXXX;
	4222 :	XXXXXXXXXXXX;
	4221 :	XXXXXXXXXXXX;
	4220 :	XXXXXXXXXXXX;
	4219 :	XXXXXXXXXXXX;
	4218 :	XXXXXXXXXXXX;
	4217 :	XXXXXXXXXXXX;
	4216 :	XXXXXXXXXXXX;
	4215 :	XXXXXXXXXXXX;
	4214 :	XXXXXXXXXXXX;
	4213 :	XXXXXXXXXXXX;
	4212 :	XXXXXXXXXXXX;
	4211 :	XXXXXXXXXXXX;
	4210 :	XXXXXXXXXXXX;
	4209 :	XXXXXXXXXXXX;
	4208 :	XXXXXXXXXXXX;
	4207 :	XXXXXXXXXXXX;
	4206 :	XXXXXXXXXXXX;
	4205 :	XXXXXXXXXXXX;
	4204 :	XXXXXXXXXXXX;
	4203 :	XXXXXXXXXXXX;
	4202 :	XXXXXXXXXXXX;
	4201 :	XXXXXXXXXXXX;
	4200 :	XXXXXXXXXXXX;
	4199 :	XXXXXXXXXXXX;
	4198 :	XXXXXXXXXXXX;
	4197 :	XXXXXXXXXXXX;
	4196 :	XXXXXXXXXXXX;
	4195 :	XXXXXXXXXXXX;
	4194 :	XXXXXXXXXXXX;
	4193 :	XXXXXXXXXXXX;
	4192 :	XXXXXXXXXXXX;
	4191 :	XXXXXXXXXXXX;
	4190 :	XXXXXXXXXXXX;
	4189 :	XXXXXXXXXXXX;
	4188 :	XXXXXXXXXXXX;
	4187 :	XXXXXXXXXXXX;
	4186 :	XXXXXXXXXXXX;
	4185 :	XXXXXXXXXXXX;
	4184 :	XXXXXXXXXXXX;
	4183 :	XXXXXXXXXXXX;
	4182 :	XXXXXXXXXXXX;
	4181 :	XXXXXXXXXXXX;
	4180 :	XXXXXXXXXXXX;
	4179 :	XXXXXXXXXXXX;
	4178 :	XXXXXXXXXXXX;
	4177 :	XXXXXXXXXXXX;
	4176 :	XXXXXXXXXXXX;
	4175 :	XXXXXXXXXXXX;
	4174 :	XXXXXXXXXXXX;
	4173 :	XXXXXXXXXXXX;
	4172 :	XXXXXXXXXXXX;
	4171 :	XXXXXXXXXXXX;
	4170 :	XXXXXXXXXXXX;
	4169 :	XXXXXXXXXXXX;
	4168 :	XXXXXXXXXXXX;
	4167 :	XXXXXXXXXXXX;
	4166 :	XXXXXXXXXXXX;
	4165 :	XXXXXXXXXXXX;
	4164 :	XXXXXXXXXXXX;
	4163 :	XXXXXXXXXXXX;
	4162 :	XXXXXXXXXXXX;
	4161 :	XXXXXXXXXXXX;
	4160 :	XXXXXXXXXXXX;
	4159 :	XXXXXXXXXXXX;
	4158 :	XXXXXXXXXXXX;
	4157 :	XXXXXXXXXXXX;
	4156 :	XXXXXXXXXXXX;
	4155 :	XXXXXXXXXXXX;
	4154 :	XXXXXXXXXXXX;
	4153 :	XXXXXXXXXXXX;
	4152 :	XXXXXXXXXXXX;
	4151 :	XXXXXXXXXXXX;
	4150 :	XXXXXXXXXXXX;
	4149 :	XXXXXXXXXXXX;
	4148 :	XXXXXXXXXXXX;
	4147 :	XXXXXXXXXXXX;
	4146 :	XXXXXXXXXXXX;
	4145 :	XXXXXXXXXXXX;
	4144 :	XXXXXXXXXXXX;
	4143 :	XXXXXXXXXXXX;
	4142 :	XXXXXXXXXXXX;
	4141 :	XXXXXXXXXXXX;
	4140 :	XXXXXXXXXXXX;
	4139 :	XXXXXXXXXXXX;
	4138 :	XXXXXXXXXXXX;
	4137 :	XXXXXXXXXXXX;
	4136 :	XXXXXXXXXXXX;
	4135 :	XXXXXXXXXXXX;
	4134 :	XXXXXXXXXXXX;
	4133 :	XXXXXXXXXXXX;
	4132 :	XXXXXXXXXXXX;
	4131 :	XXXXXXXXXXXX;
	4130 :	XXXXXXXXXXXX;
	4129 :	XXXXXXXXXXXX;
	4128 :	XXXXXXXXXXXX;
	4127 :	XXXXXXXXXXXX;
	4126 :	XXXXXXXXXXXX;
	4125 :	XXXXXXXXXXXX;
	4124 :	XXXXXXXXXXXX;
	4123 :	XXXXXXXXXXXX;
	4122 :	XXXXXXXXXXXX;
	4121 :	XXXXXXXXXXXX;
	4120 :	XXXXXXXXXXXX;
	4119 :	XXXXXXXXXXXX;
	4118 :	XXXXXXXXXXXX;
	4117 :	XXXXXXXXXXXX;
	4116 :	XXXXXXXXXXXX;
	4115 :	XXXXXXXXXXXX;
	4114 :	XXXXXXXXXXXX;
	4113 :	XXXXXXXXXXXX;
	4112 :	XXXXXXXXXXXX;
	4111 :	XXXXXXXXXXXX;
	4110 :	XXXXXXXXXXXX;
	4109 :	XXXXXXXXXXXX;
	4108 :	XXXXXXXXXXXX;
	4107 :	XXXXXXXXXXXX;
	4106 :	XXXXXXXXXXXX;
	4105 :	XXXXXXXXXXXX;
	4104 :	XXXXXXXXXXXX;
	4103 :	XXXXXXXXXXXX;
	4102 :	XXXXXXXXXXXX;
	4101 :	XXXXXXXXXXXX;
	4100 :	XXXXXXXXXXXX;
	4099 :	XXXXXXXXXXXX;
	4098 :	XXXXXXXXXXXX;
	4097 :	XXXXXXXXXXXX;
	4096 :	XXXXXXXXXXXX;
	4095 :	101011000001;
	4094 :	000000000000;
	4093 :	101011101110;
	4092 :	011011111110;
	4091 :	011111111110;
	4090 :	111100010000;
	4089 :	110000011100;
	4088 :	101011110111;
	4087 :	110000011001;
	4086 :	111000000110;
	4085 :	101011101111;
	4084 :	111101001000;
	4083 :	111000000110;
	4082 :	111001000110;
	4081 :	110000011110;
	4080 :	101011101111;
	4079 :	110000011001;
	4078 :	110000011010;
	4077 :	000000000000;
	4076 :	000000000000;
	4075 :	000000000110;
	4074 :	101010110010;
	4073 :	101111100011;
	4072 :	001011101101;
	4071 :	111000000110;
	4070 :	111000000110;
	4069 :	111001000110;
	4068 :	001011111110;
	4067 :	000000000000;
	4066 :	101011011010;
	4065 :	111110000000;
	4064 :	010010001110;
	4063 :	011110001110;
	4062 :	110010000001;
	4061 :	101011001101;
	4060 :	001010001101;
	4059 :	001011101101;
	4058 :	001011111110;
	4057 :	011010001110;
	4056 :	101011011110;
	4055 :	111100010000;
	4054 :	100011100011;
	4053 :	101010111101;
	4052 :	100010010110;
	4051 :	011011101101;
	4050 :	100010110000;
	4049 :	011011111110;
	4048 :	001010001100;
	4047 :	011011011110;
	4046 :	001010001011;
	4045 :	011010001101;
	4044 :	101011001011;
	4043 :	100010010110;
	4042 :	011010110001;
	4041 :	001011101010;
	4040 :	001011101011;
	4039 :	111111000000;
	4038 :	111110000100;
	4037 :	011010001011;
	4036 :	001010101111;
	4035 :	110010001100;
	4034 :	110000001100;
	4033 :	110000011010;
	4032 :	111100000010;
	4031 :	001010001101;
	4030 :	111000100001;
	4029 :	100011100011;
	4028 :	000011000000;
	4027 :	101010110101;
	4026 :	110000001110;
	4025 :	101010111000;
	4024 :	110000001001;
	4023 :	101110110000;
	4022 :	001010001100;
	4021 :	011010001100;
	4020 :	110000011110;
	4019 :	101010110010;
	4018 :	110000011001;
	4017 :	000000000000;
	4016 :	000000000000;
	4015 :	110010000001;
	4014 :	000000111000;
	4013 :	101010011000;
	4012 :	011010001011;
	4011 :	001010101111;
	4010 :	000010101110;
	4009 :	001010001100;
	4008 :	101110010110;
	4007 :	111111101000;
	4006 :	010010010110;
	4005 :	111101001000;
	4004 :	001011100001;
	4003 :	000010111100;
	4002 :	001010001100;
	4001 :	101010011000;
	4000 :	111110100000;
	3999 :	001010001010;
	3998 :	101010010111;
	3997 :	111000100000;
	3996 :	010010001010;
	3995 :	101010011111;
	3994 :	111111101000;
	3993 :	001011000000;
	3992 :	100010110000;
	3991 :	011010001010;
	3990 :	000000000000;
	3989 :	111100000010;
	3988 :	111100000010;
	3987 :	111100000010;
	3986 :	111100000010;
	3985 :	111100000010;
	3984 :	111100000010;
	3983 :	001010001010;
	3982 :	000000000000;
	3981 :	000000000000;
	3980 :	000000000000;
	3979 :	000000000000;
	3978 :	000000000000;
	3977 :	000000000000;
	3976 :	000000000000;
	3975 :	000000000000;
	3974 :	000000000000;
	3973 :	000000000000;
	3972 :	000000000000;
	3971 :	000000000000;
	3970 :	000000000000;
	3969 :	000000000000;
	3968 :	000000000000;
	3967 :	000000000000;
	3966 :	000000000000;
	3965 :	000000000000;
	3964 :	000000000000;
	3963 :	000000000000;
	3962 :	000000000000;
	3961 :	000000000000;
	3960 :	000000000000;
	3959 :	000000000000;
	3958 :	000000000000;
	3957 :	000000000000;
	3956 :	000000000000;
	3955 :	000000000000;
	3954 :	000000000000;
	3953 :	000000000000;
	3952 :	000000000000;
	3951 :	000000000000;
	3950 :	000000000111;
	3949 :	101111101000;
	3948 :	001000011010;
	3947 :	100101101001;
	3946 :	001001001011;
	3945 :	000011101110;
	3944 :	000000000000;
	3943 :	101111010111;
	3942 :	100101101001;
	3941 :	001000111111;
	3940 :	111010000000;
	3939 :	100011101000;
	3938 :	100011101000;
	3937 :	111000001000;
	3936 :	111000001010;
	3935 :	100011101000;
	3934 :	111000000100;
	3933 :	100101101111;
	3932 :	100011101000;
	3931 :	111000000110;
	3930 :	111000000110;
	3929 :	001000011010;
	3928 :	011000011010;
	3927 :	000000000000;
	3926 :	101101000100;
	3925 :	110000000010;
	3924 :	101011010010;
	3923 :	111110100000;
	3922 :	001000001110;
	3921 :	101011001100;
	3920 :	111110100000;
	3919 :	001001001110;
	3918 :	001000110110;
	3917 :	100101101001;
	3916 :	100101100101;
	3915 :	101011001110;
	3914 :	100011010111;
	3913 :	001000011101;
	3912 :	100011010111;
	3911 :	001000011001;
	3910 :	100011010111;
	3909 :	001000110000;
	3908 :	100011010111;
	3907 :	001001011011;
	3906 :	000000000000;
	3905 :	000000000000;
	3904 :	000000000000;
	3903 :	111101000011;
	3902 :	000000000000;
	3901 :	000000000000;
	3900 :	000000000000;
	3899 :	000000000000;
	3898 :	000000000000;
	3897 :	000000000000;
	3896 :	000000000000;
	3895 :	011000001101;
	3894 :	101101011110;
	3893 :	011000100100;
	3892 :	101010010111;
	3891 :	000000000000;
	3890 :	110010111000;
	3889 :	100100000111;
	3888 :	101101011110;
	3887 :	111111000000;
	3886 :	111000000001;
	3885 :	111000100001;
	3884 :	111101000000;
	3883 :	001010111010;
	3882 :	111000100001;
	3881 :	001000100110;
	3880 :	101010110001;
	3879 :	111110100000;
	3878 :	001010111001;
	3877 :	111000100001;
	3876 :	001000100101;
	3875 :	101010110001;
	3874 :	111110100000;
	3873 :	001010111000;
	3872 :	111000100001;
	3871 :	001000100100;
	3870 :	011000100100;
	3869 :	001000100100;
	3868 :	111010100000;
	3867 :	000000000000;
	3866 :	001010111000;
	3865 :	011010111000;
	3864 :	000010111100;
	3863 :	100100000111;
	3862 :	101010110101;
	3861 :	111110101000;
	3860 :	001010111110;
	3859 :	111100101000;
	3858 :	001010111101;
	3857 :	011010111011;
	3856 :	011010111010;
	3855 :	011010111001;
	3854 :	001010110111;
	3853 :	111000000000;
	3852 :	010010111000;
	3851 :	111100011000;
	3850 :	011010111000;
	3849 :	111000001000;
	3848 :	111000010000;
	3847 :	111101001000;
	3846 :	001000100100;
	3845 :	100101110110;
	3844 :	111111001000;
	3843 :	001000100101;
	3842 :	000000000000;
	3841 :	110010111100;
	3840 :	100100000111;
	3839 :	000000000000;
	3838 :	111001111011;
	3837 :	101101111001;
	3836 :	101111110110;
	3835 :	100111110101;
	3834 :	111111001000;
	3833 :	111000100001;
	3832 :	111101001000;
	3831 :	001000100101;
	3830 :	000000000000;
	3829 :	110111101111;
	3828 :	101111011101;
	3827 :	011000100100;
	3826 :	101111011101;
	3825 :	100011110110;
	3824 :	100111111110;
	3823 :	101011100111;
	3822 :	011000100100;
	3821 :	001000100100;
	3820 :	111001100000;
	3819 :	100101010111;
	3818 :	101011110000;
	3817 :	111111001000;
	3816 :	111001000100;
	3815 :	001000100101;
	3814 :	101011110011;
	3813 :	111110101000;
	3812 :	001000100110;
	3811 :	111100101000;
	3810 :	001000100111;
	3809 :	111100101000;
	3808 :	001000100101;
	3807 :	100011110110;
	3806 :	100111111101;
	3805 :	000000000000;
	3804 :	101110110001;
	3803 :	011000100111;
	3802 :	001010101100;
	3801 :	011000100110;
	3800 :	001010000000;
	3799 :	011000100101;
	3798 :	001011011101;
	3797 :	101010110111;
	3796 :	010010101101;
	3795 :	011011011101;
	3794 :	111000000100;
	3793 :	101110110001;
	3792 :	011000100101;
	3791 :	001010000000;
	3790 :	011000100110;
	3789 :	001010101100;
	3788 :	101010110111;
	3787 :	010010101101;
	3786 :	011010000000;
	3785 :	111000000100;
	3784 :	001010000000;
	3783 :	011010101100;
	3782 :	111000000100;
	3781 :	001010101100;
	3780 :	111010000000;
	3779 :	011000100110;
	3778 :	001010101110;
	3777 :	011000100101;
	3776 :	101011000100;
	3775 :	111100010000;
	3774 :	001000100001;
	3773 :	001000100101;
	3772 :	111000000100;
	3771 :	011010101110;
	3770 :	001000100110;
	3769 :	001000100010;
	3768 :	111001000000;
	3767 :	100101010111;
	3766 :	111100001000;
	3765 :	011010101101;
	3764 :	001010110000;
	3763 :	011010101100;
	3762 :	011010000000;
	3761 :	000000000000;
	3760 :	111111101001;
	3759 :	111111110100;
	3758 :	000000000000;
	3757 :	000000000000;
	3756 :	000000000000;
	3755 :	000000000000;
	3754 :	111001000010;
	3753 :	101010100110;
	3752 :	101110000000;
	3751 :	010110101100;
	3750 :	010010101100;
	3749 :	101110000000;
	3748 :	111100010000;
	3747 :	011110101100;
	3746 :	001110101100;
	3745 :	001010101011;
	3744 :	111000000100;
	3743 :	010010101100;
	3742 :	011110101100;
	3741 :	001110101100;
	3740 :	111001000000;
	3739 :	001010101101;
	3738 :	011010101100;
	3737 :	001010101010;
	3736 :	111000100001;
	3735 :	001110000000;
	3734 :	011010101101;
	3733 :	111000001000;
	3732 :	001010101100;
	3731 :	101010001000;
	3730 :	010010101101;
	3729 :	011010101011;
	3728 :	111000001000;
	3727 :	001010101110;
	3726 :	111001000000;
	3725 :	101010010000;
	3724 :	111100010000;
	3723 :	001010101011;
	3722 :	011010101100;
	3721 :	111000001000;
	3720 :	001010101100;
	3719 :	111001000000;
	3718 :	011010101101;
	3717 :	001010101111;
	3716 :	011010101011;
	3715 :	011010101100;
	3714 :	101110000000;
	3713 :	111100101000;
	3712 :	000000000000;
	3711 :	101111111011;
	3710 :	100100101001;
	3709 :	111111001000;
	3708 :	001000101000;
	3707 :	000000000000;
	3706 :	101111101011;
	3705 :	011000100001;
	3704 :	111001000001;
	3703 :	111100011000;
	3702 :	111000100000;
	3701 :	001000100001;
	3700 :	011000100010;
	3699 :	111001000001;
	3698 :	111100011000;
	3697 :	111000100000;
	3696 :	001000100010;
	3695 :	011000100011;
	3694 :	111000100001;
	3693 :	001000100011;
	3692 :	111011000000;
	3691 :	000000000000;
	3690 :	111010000000;
	3689 :	111010101110;
	3688 :	111010110001;
	3687 :	111011011101;
	3686 :	110101010000;
	3685 :	101111010100;
	3684 :	101111100110;
	3683 :	111100101000;
	3682 :	001000100001;
	3681 :	100100101001;
	3680 :	111111001000;
	3679 :	101111100110;
	3678 :	111100101000;
	3677 :	001000100101;
	3676 :	011000101000;
	3675 :	111000100000;
	3674 :	111111000000;
	3673 :	001000100001;
	3672 :	000000100101;
	3671 :	001001010100;
	3670 :	011000100100;
	3669 :	001000100100;
	3668 :	000000000000;
	3667 :	110100000001;
	3666 :	101111010011;
	3665 :	100011000001;
	3664 :	100111101000;
	3663 :	100011101011;
	3662 :	111111000000;
	3661 :	100011010100;
	3660 :	111000000001;
	3659 :	111000100001;
	3658 :	001000100000;
	3657 :	100101110110;
	3656 :	111110101000;
	3655 :	001000100001;
	3654 :	101111000001;
	3653 :	010000100111;
	3652 :	100111100111;
	3651 :	100100101001;
	3650 :	010000101000;
	3649 :	000000000000;
	3648 :	000000000000;
	3647 :	000000000000;
	3646 :	000000000000;
	3645 :	000000000000;
	3644 :	000000000000;
	3643 :	101110000100;
	3642 :	011000100111;
	3641 :	100011000001;
	3640 :	011000100111;
	3639 :	001010111111;
	3638 :	011000100110;
	3637 :	001011000000;
	3636 :	011000100101;
	3635 :	001011000001;
	3634 :	000000000110;
	3633 :	100111101010;
	3632 :	001000100011;
	3631 :	000000000101;
	3630 :	100111101010;
	3629 :	001000100010;
	3628 :	000000000100;
	3627 :	100111101010;
	3626 :	001000100001;
	3625 :	011111101001;
	3624 :	001000100111;
	3623 :	000000000101;
	3622 :	100111101010;
	3621 :	001000100110;
	3620 :	000000000100;
	3619 :	100111101010;
	3618 :	001000100101;
	3617 :	011111101001;
	3616 :	001000100011;
	3615 :	011010111100;
	3614 :	101010110011;
	3613 :	000000000100;
	3612 :	100111101010;
	3611 :	001000100010;
	3610 :	000000000011;
	3609 :	100111101010;
	3608 :	001000100001;
	3607 :	011111101001;
	3606 :	001000100110;
	3605 :	000000000011;
	3604 :	100111101010;
	3603 :	001000100010;
	3602 :	000000000010;
	3601 :	100111101010;
	3600 :	001000100001;
	3599 :	011111101001;
	3598 :	001000100101;
	3597 :	011010111110;
	3596 :	011010111111;
	3595 :	011011000000;
	3594 :	011011000001;
	3593 :	100011101011;
	3592 :	111111001000;
	3591 :	100011010100;
	3590 :	001000100000;
	3589 :	111000000001;
	3588 :	000000000000;
	3587 :	111111111111;
	3586 :	000011111101;
	3585 :	000010001010;
	3584 :	000011111111;
	3583 :	000011011111;
	3582 :	101111101111;
	3581 :	101111101111;
	3580 :	010000100100;
	3579 :	011000100111;
	3578 :	111000001000;
	3577 :	001000100111;
	3576 :	011000100110;
	3575 :	111000001000;
	3574 :	001000100110;
	3573 :	011000100101;
	3572 :	111000001000;
	3571 :	111000010000;
	3570 :	111101001000;
	3569 :	001000100101;
	3568 :	111011000000;
	3567 :	000000000000;
	3566 :	101011100100;
	3565 :	011000100110;
	3564 :	011000100101;
	3563 :	011000100100;
	3562 :	111001111011;
	3561 :	101101111001;
	3560 :	000000010111;
	3559 :	101111010100;
	3558 :	001000100110;
	3557 :	100111101010;
	3556 :	011000100111;
	3555 :	010000100101;
	3554 :	111100001000;
	3553 :	010000100110;
	3552 :	101011100100;
	3551 :	010000100111;
	3550 :	000000010111;
	3549 :	100010010011;
	3548 :	011000100000;
	3547 :	001011101000;
	3546 :	011000100011;
	3545 :	111000000001;
	3544 :	101011101011;
	3543 :	111111101000;
	3542 :	001000100100;
	3541 :	100111101001;
	3540 :	000000000000;
	3539 :	101111101100;
	3538 :	000000000000;
	3537 :	101110010011;
	3536 :	011000100111;
	3535 :	001000100011;
	3534 :	011000100110;
	3533 :	001000100010;
	3532 :	011000100101;
	3531 :	001000100001;
	3530 :	011000100100;
	3529 :	001000100000;
	3528 :	101110010011;
	3527 :	111111100000;
	3526 :	001010000011;
	3525 :	111111000000;
	3524 :	001000100100;
	3523 :	101011000110;
	3522 :	101110010011;
	3521 :	111111000000;
	3520 :	001000100100;
	3519 :	101011000100;
	3518 :	111111000000;
	3517 :	001000100000;
	3516 :	101110010011;
	3515 :	010010010011;
	3514 :	101010111000;
	3513 :	010011010010;
	3512 :	100111010011;
	3511 :	011000100000;
	3510 :	001000100000;
	3509 :	111000100000;
	3508 :	101010111011;
	3507 :	101010110001;
	3506 :	010011010010;
	3505 :	100011101111;
	3504 :	101010110101;
	3503 :	111111000000;
	3502 :	001010000011;
	3501 :	101010111101;
	3500 :	111111001000;
	3499 :	001011011110;
	3498 :	001011010010;
	3497 :	011011010010;
	3496 :	111000100001;
	3495 :	111101000000;
	3494 :	001010000011;
	3493 :	011010000011;
	3492 :	101010111011;
	3491 :	111100101000;
	3490 :	001000100100;
	3489 :	111000100001;
	3488 :	001000100000;
	3487 :	101110010011;
	3486 :	111110101000;
	3485 :	001000100011;
	3484 :	111100101000;
	3483 :	001000100010;
	3482 :	111100101000;
	3481 :	001000100001;
	3480 :	101011001001;
	3479 :	111110101000;
	3478 :	001000100110;
	3477 :	111100101000;
	3476 :	001000100101;
	3475 :	000000000000;
	3474 :	101110000011;
	3473 :	011000100101;
	3472 :	111001000001;
	3471 :	111100011000;
	3470 :	111000100000;
	3469 :	001000100101;
	3468 :	011000100110;
	3467 :	111001000001;
	3466 :	111100011000;
	3465 :	111000100000;
	3464 :	001000100110;
	3463 :	011000100111;
	3462 :	111000100001;
	3461 :	001000100111;
	3460 :	111011000000;
	3459 :	000000000000;
	3458 :	110101001011;
	3457 :	000000000000;
	3456 :	110101001101;
	3455 :	110101110011;
	3454 :	111001000111;
	3453 :	110101000101;
	3452 :	110101000110;
	3451 :	101111011011;
	3450 :	110111101111;
	3449 :	101111101100;
	3448 :	110110010011;
	3447 :	111011011101;
	3446 :	111000000100;
	3445 :	111001101011;
	3444 :	101010000001;
	3443 :	100111110110;
	3442 :	101010000001;
	3441 :	101011101011;
	3440 :	010010110010;
	3439 :	100111110110;
	3438 :	000000100000;
	3437 :	100101100100;
	3436 :	111100111000;
	3435 :	100101100011;
	3434 :	101011110000;
	3433 :	111100111000;
	3432 :	100101100100;
	3431 :	000000100100;
	3430 :	100101100100;
	3429 :	010100000101;
	3428 :	100101100011;
	3427 :	100101110110;
	3426 :	111110100000;
	3425 :	001000100101;
	3424 :	011000100011;
	3423 :	011010110010;
	3422 :	111000100000;
	3421 :	101011100010;
	3420 :	111101001000;
	3419 :	100100101011;
	3418 :	000000100100;
	3417 :	100101100100;
	3416 :	000000100000;
	3415 :	100101100011;
	3414 :	000000100100;
	3413 :	100101100011;
	3412 :	101010000001;
	3411 :	011000100111;
	3410 :	011000100110;
	3409 :	011000100101;
	3408 :	011000100100;
	3407 :	101011010101;
	3406 :	111110100000;
	3405 :	001000100101;
	3404 :	101010000001;
	3403 :	100111110111;
	3402 :	100111111011;
	3401 :	100111111001;
	3400 :	100111111010;
	3399 :	101010000001;
	3398 :	100111111000;
	3397 :	100111110101;
	3396 :	000000011111;
	3395 :	000000100011;
	3394 :	101010000001;
	3393 :	101010111110;
	3392 :	010000101111;
	3391 :	011100001101;
	3390 :	001100001100;
	3389 :	011000101111;
	3388 :	001001001111;
	3387 :	011000001100;
	3386 :	001000100000;
	3385 :	111000100000;
	3384 :	011000001101;
	3383 :	001011000011;
	3382 :	101010111011;
	3381 :	001011000011;
	3380 :	110101111011;
	3379 :	000100000000;
	3378 :	000000000000;
	3377 :	101110110010;
	3376 :	101010101101;
	3375 :	010000101111;
	3374 :	011100001100;
	3373 :	001100001101;
	3372 :	011000101111;
	3371 :	001001001111;
	3370 :	011000001100;
	3369 :	001011000100;
	3368 :	011010110010;
	3367 :	101010110101;
	3366 :	111100101000;
	3365 :	001110110010;
	3364 :	011010110010;
	3363 :	001010110100;
	3362 :	101010110111;
	3361 :	111100101000;
	3360 :	000001000111;
	3359 :	111000000110;
	3358 :	111001000110;
	3357 :	001010110010;
	3356 :	011000001101;
	3355 :	001000100000;
	3354 :	111000100000;
	3353 :	010010000000;
	3352 :	011000100000;
	3351 :	001100100000;
	3350 :	101010011001;
	3349 :	111110101000;
	3348 :	000010110010;
	3347 :	001010110011;
	3346 :	011000100000;
	3345 :	001000100000;
	3344 :	000010110010;
	3343 :	001001000110;
	3342 :	011000100000;
	3341 :	000010000000;
	3340 :	001001000100;
	3339 :	101010001110;
	3338 :	111110101000;
	3337 :	000001010011;
	3336 :	001010110010;
	3335 :	011010110010;
	3334 :	101110000000;
	3333 :	111100101000;
	3332 :	001110000000;
	3331 :	011000100011;
	3330 :	011000100111;
	3329 :	111011000000;
	3328 :	000000000000;
	3327 :	100001100100;
	3326 :	100101101111;
	3325 :	000000000000;
	3324 :	101111010001;
	3323 :	011000110110;
	3322 :	001001010011;
	3321 :	101011010010;
	3320 :	111100101000;
	3319 :	000001000110;
	3318 :	110000001110;
	3317 :	011000011111;
	3316 :	111000100000;
	3315 :	000110001001;
	3314 :	101111110011;
	3313 :	100011100011;
	3312 :	101111100011;
	3311 :	011001101010;
	3310 :	001001010110;
	3309 :	001011111111;
	3308 :	111110100000;
	3307 :	110000001100;
	3306 :	111100100000;
	3305 :	001011111101;
	3304 :	011000011111;
	3303 :	111001100000;
	3302 :	011011111101;
	3301 :	111000100000;
	3300 :	001011111101;
	3299 :	000000000000;
	3298 :	000010001010;
	3297 :	101101100001;
	3296 :	010000001011;
	3295 :	101111100010;
	3294 :	111110010000;
	3293 :	001011111110;
	3292 :	001000001011;
	3291 :	100011100011;
	3290 :	101011010100;
	3289 :	010011100011;
	3288 :	101011010100;
	3287 :	010000011010;
	3286 :	101011110100;
	3285 :	111111000000;
	3284 :	001000011111;
	3283 :	011011100011;
	3282 :	001001000101;
	3281 :	000000000000;
	3280 :	000000000000;
	3279 :	000000000000;
	3278 :	000000000000;
	3277 :	000000000000;
	3276 :	000000000000;
	3275 :	000000000000;
	3274 :	000000000000;
	3273 :	000000000000;
	3272 :	000000100011;
	3271 :	111011011101;
	3270 :	000111101110;
	3269 :	101111001100;
	3268 :	111001111011;
	3267 :	101110010111;
	3266 :	101110000000;
	3265 :	111100111011;
	3264 :	011001101000;
	3263 :	011001100111;
	3262 :	011001100110;
	3261 :	111111111101;
	3260 :	000000000000;
	3259 :	000000000000;
	3258 :	010100000000;
	3257 :	000000000100;
	3256 :	101010100110;
	3255 :	011000011011;
	3254 :	001000011011;
	3253 :	111000100000;
	3252 :	000000000000;
	3251 :	110100011000;
	3250 :	100010111001;
	3249 :	100100000111;
	3248 :	101010110110;
	3247 :	111000000001;
	3246 :	000000000000;
	3245 :	110100011000;
	3244 :	100010111101;
	3243 :	100100000111;
	3242 :	101010110001;
	3241 :	111111000000;
	3240 :	101110000000;
	3239 :	111100101000;
	3238 :	001000011011;
	3237 :	000000000000;
	3236 :	000100011000;
	3235 :	100100000111;
	3234 :	011000011011;
	3233 :	001000011011;
	3232 :	001000100111;
	3231 :	100111000100;
	3230 :	100111000010;
	3229 :	100111000110;
	3228 :	101010100110;
	3227 :	111110100000;
	3226 :	001011000001;
	3225 :	001000110110;
	3224 :	000000000000;
	3223 :	110100011000;
	3222 :	100100000111;
	3221 :	100111000111;
	3220 :	100111000100;
	3219 :	011000100100;
	3218 :	001011001000;
	3217 :	011000011011;
	3216 :	111000100001;
	3215 :	001111000101;
	3214 :	100111000011;
	3213 :	011111000101;
	3212 :	100111000110;
	3211 :	101010010001;
	3210 :	111110100000;
	3209 :	001001001101;
	3208 :	001000110110;
	3207 :	100111000010;
	3206 :	101010000010;
	3205 :	111110101000;
	3204 :	001001001100;
	3203 :	001000110110;
	3202 :	100111000110;
	3201 :	111110100000;
	3200 :	000000000000;
	3199 :	000000000000;
	3198 :	000000000000;
	3197 :	000000000000;
	3196 :	000000000000;
	3195 :	000000000000;
	3194 :	000000000000;
	3193 :	000000000000;
	3192 :	000000000000;
	3191 :	000000000000;
	3190 :	000000000000;
	3189 :	000000000000;
	3188 :	000000000000;
	3187 :	000000000000;
	3186 :	000000000000;
	3185 :	000000000000;
	3184 :	000000000000;
	3183 :	101111101100;
	3182 :	100101101001;
	3181 :	001001001011;
	3180 :	000000000000;
	3179 :	101101111001;
	3178 :	110010111001;
	3177 :	101100000000;
	3176 :	111100110111;
	3175 :	101110110111;
	3174 :	101111001010;
	3173 :	101111001011;
	3172 :	110010111101;
	3171 :	111111111001;
	3170 :	111111110110;
	3169 :	111111111100;
	3168 :	000001100100;
	3167 :	111110011100;
	3166 :	000010101101;
	3165 :	000010111101;
	3164 :	111111110011;
	3163 :	000011000101;
	3162 :	010100100010;
	3161 :	101110000000;
	3160 :	100111011010;
	3159 :	001000100101;
	3158 :	100011101100;
	3157 :	111100100000;
	3156 :	001000100100;
	3155 :	111000100000;
	3154 :	011000100101;
	3153 :	001011100000;
	3152 :	101011001101;
	3151 :	111101000000;
	3150 :	001011011111;
	3149 :	010000100100;
	3148 :	001000100101;
	3147 :	100101101001;
	3146 :	001011011110;
	3145 :	001001001001;
	3144 :	111111000000;
	3143 :	001000011011;
	3142 :	011000100101;
	3141 :	111000100001;
	3140 :	111101001000;
	3139 :	001000011011;
	3138 :	100101101001;
	3137 :	001011011011;
	3136 :	101110000000;
	3135 :	100111101001;
	3134 :	001011100011;
	3133 :	011000001100;
	3132 :	001011101000;
	3131 :	101010111000;
	3130 :	010000100100;
	3129 :	011100001100;
	3128 :	100111100111;
	3127 :	111100001000;
	3126 :	111000000000;
	3125 :	010000011011;
	3124 :	001111100110;
	3123 :	111000000000;
	3122 :	010000011011;
	3121 :	001011100010;
	3120 :	010000100100;
	3119 :	011100001100;
	3118 :	111000000001;
	3117 :	101010110100;
	3116 :	111111001000;
	3115 :	001011100010;
	3114 :	101010111000;
	3113 :	111100101000;
	3112 :	001111100110;
	3111 :	101010100101;
	3110 :	010011101100;
	3109 :	100101010111;
	3108 :	011000100100;
	3107 :	001011100011;
	3106 :	011011101100;
	3105 :	111001100000;
	3104 :	001000100100;
	3103 :	011000001100;
	3102 :	001011101000;
	3101 :	011111100110;
	3100 :	011111100101;
	3099 :	101010010101;
	3098 :	111000100000;
	3097 :	000000000000;
	3096 :	100111101010;
	3095 :	100100000111;
	3094 :	101010001001;
	3093 :	001000011011;
	3092 :	111000000001;
	3091 :	000000000000;
	3090 :	100111100100;
	3089 :	100100000111;
	3088 :	101010011100;
	3087 :	111111101000;
	3086 :	001011100001;
	3085 :	111100100000;
	3084 :	101010010111;
	3083 :	111101001000;
	3082 :	001000100100;
	3081 :	011000011011;
	3080 :	100111101011;
	3079 :	100101101001;
	3078 :	001011011110;
	3077 :	001011011100;
	3076 :	111111000000;
	3075 :	001000100101;
	3074 :	100101101001;
	3073 :	001011011101;
	3072 :	000000000000;
	3071 :	000000000000;
	3070 :	000000000000;
	3069 :	000000000000;
	3068 :	000000000000;
	3067 :	101111101100;
	3066 :	101111101100;
	3065 :	010000100000;
	3064 :	011000100011;
	3063 :	111000001000;
	3062 :	001000100011;
	3061 :	011000100010;
	3060 :	111000001000;
	3059 :	001000100010;
	3058 :	011000100001;
	3057 :	111000001000;
	3056 :	111001010000;
	3055 :	111101001000;
	3054 :	001000100001;
	3053 :	111011000000;
	3052 :	000000000000;
	3051 :	101111011011;
	3050 :	011011001010;
	3049 :	001011001010;
	3048 :	111000000100;
	3047 :	011000100101;
	3046 :	001000100001;
	3045 :	001000100101;
	3044 :	111000000100;
	3043 :	011000100110;
	3042 :	001000100010;
	3041 :	001000100110;
	3040 :	111000000100;
	3039 :	011000100111;
	3038 :	001000100011;
	3037 :	001000100111;
	3036 :	111011000000;
	3035 :	000000000000;
	3034 :	101111001101;
	3033 :	011011001010;
	3032 :	111000000100;
	3031 :	001011001010;
	3030 :	011000100101;
	3029 :	111000000100;
	3028 :	001000100101;
	3027 :	011000100110;
	3026 :	111000000100;
	3025 :	001000100110;
	3024 :	011000100111;
	3023 :	111001000100;
	3022 :	001000100111;
	3021 :	000000000000;
	3020 :	000000000000;
	3019 :	000000000000;
	3018 :	000000000000;
	3017 :	101110110111;
	3016 :	001011001010;
	3015 :	100011011011;
	3014 :	011000100001;
	3013 :	011000100010;
	3012 :	011000100011;
	3011 :	001011001011;
	3010 :	100011001101;
	3009 :	100011011011;
	3008 :	100011001101;
	3007 :	100011001101;
	3006 :	011011001010;
	3005 :	011000100001;
	3004 :	001000100101;
	3003 :	011000100010;
	3002 :	001000100110;
	3001 :	011000100011;
	3000 :	001000100111;
	2999 :	000000000000;
	2998 :	000111101110;
	2997 :	111101100000;
	2996 :	111101010101;
	2995 :	111100100110;
	2994 :	111100111011;
	2993 :	101010100000;
	2992 :	000001010010;
	2991 :	001000110110;
	2990 :	101110010111;
	2989 :	111111100000;
	2988 :	001010110011;
	2987 :	001000110110;
	2986 :	101110010111;
	2985 :	111111001000;
	2984 :	001001001010;
	2983 :	001000110110;
	2982 :	101010011000;
	2981 :	100110110110;
	2980 :	100101110110;
	2979 :	111110100000;
	2978 :	010011001100;
	2977 :	100010110111;
	2976 :	011011001011;
	2975 :	001000101100;
	2974 :	101010100111;
	2973 :	101110010111;
	2972 :	100101110001;
	2971 :	101110010111;
	2970 :	111110101000;
	2969 :	001010110010;
	2968 :	001000110110;
	2967 :	000000000000;
	2966 :	101110000000;
	2965 :	100010010111;
	2964 :	101010010000;
	2963 :	111110101000;
	2962 :	001010110101;
	2961 :	001000110110;
	2960 :	100110110110;
	2959 :	011000101000;
	2958 :	111000100000;
	2957 :	101010010001;
	2956 :	111110100000;
	2955 :	001001001001;
	2954 :	101010010000;
	2953 :	111100101000;
	2952 :	001010110100;
	2951 :	001000110110;
	2950 :	011000101000;
	2949 :	011011001100;
	2948 :	011000100111;
	2947 :	011000100101;
	2946 :	011000100100;
	2945 :	011000100110;
	2944 :	000000000000;
	2943 :	101111111001;
	2942 :	100100101001;
	2941 :	111111001000;
	2940 :	001000100101;
	2939 :	011000101000;
	2938 :	001000100101;
	2937 :	000000000000;
	2936 :	101011110011;
	2935 :	011011011100;
	2934 :	111000100000;
	2933 :	101011110010;
	2932 :	010011011100;
	2931 :	100011011110;
	2930 :	001100001100;
	2929 :	010010000000;
	2928 :	100101101001;
	2927 :	001001000010;
	2926 :	100111011010;
	2925 :	111010000000;
	2924 :	101011001011;
	2923 :	001100001100;
	2922 :	101011001011;
	2921 :	011011011100;
	2920 :	111000100000;
	2919 :	101011101011;
	2918 :	010011011100;
	2917 :	011000011011;
	2916 :	001000011011;
	2915 :	111000100000;
	2914 :	101110000000;
	2913 :	101111011110;
	2912 :	010011011101;
	2911 :	100111011010;
	2910 :	000000000000;
	2909 :	000000000000;
	2908 :	000000000000;
	2907 :	000000000000;
	2906 :	110001101100;
	2905 :	110001101000;
	2904 :	111111110110;
	2903 :	000000000111;
	2902 :	111111111010;
	2901 :	000000000101;
	2900 :	101010101010;
	2899 :	011011011110;
	2898 :	001011011110;
	2897 :	111000100000;
	2896 :	101011000011;
	2895 :	100101101001;
	2894 :	001001000010;
	2893 :	101011000011;
	2892 :	010000011010;
	2891 :	100011011110;
	2890 :	001001000101;
	2889 :	111111001000;
	2888 :	111000000001;
	2887 :	001000011010;
	2886 :	101011100011;
	2885 :	111110101000;
	2884 :	001000011010;
	2883 :	001000011011;
	2882 :	011000011010;
	2881 :	111000100001;
	2880 :	001000011011;
	2879 :	111000100001;
	2878 :	111010000000;
	2877 :	111101000000;
	2876 :	001011011011;
	2875 :	101011101101;
	2874 :	111101100000;
	2873 :	001000011011;
	2872 :	001011011101;
	2871 :	101011101110;
	2870 :	111110101000;
	2869 :	001000101010;
	2868 :	111010000000;
	2867 :	010000011011;
	2866 :	010111011110;
	2865 :	101011010001;
	2864 :	010000111001;
	2863 :	011111011110;
	2862 :	101010110101;
	2861 :	111111001000;
	2860 :	001011011000;
	2859 :	001111011110;
	2858 :	010111011110;
	2857 :	001011010101;
	2856 :	011000111001;
	2855 :	111000100001;
	2854 :	001000111001;
	2853 :	011011011110;
	2852 :	001000111001;
	2851 :	001111011001;
	2850 :	011000111001;
	2849 :	001011010111;
	2848 :	111010000000;
	2847 :	111101000000;
	2846 :	001011010110;
	2845 :	101010110011;
	2844 :	111101001000;
	2843 :	001000011010;
	2842 :	111010000000;
	2841 :	111101000000;
	2840 :	001000011011;
	2839 :	111000100000;
	2838 :	011011011011;
	2837 :	001000011010;
	2836 :	111010100000;
	2835 :	101010011000;
	2834 :	111101001000;
	2833 :	001011011011;
	2832 :	001011011101;
	2831 :	011011011011;
	2830 :	000001010010;
	2829 :	101010100001;
	2828 :	111100101000;
	2827 :	001000101010;
	2826 :	011011011101;
	2825 :	001011010110;
	2824 :	111100101000;
	2823 :	111000100001;
	2822 :	001000011010;
	2821 :	011000011010;
	2820 :	000001010010;
	2819 :	100101101111;
	2818 :	001000101010;
	2817 :	011011011100;
	2816 :	000000000000;
	2815 :	000000000000;
	2814 :	000000000000;
	2813 :	000000000000;
	2812 :	000000000000;
	2811 :	000000000000;
	2810 :	000000000000;
	2809 :	000000000000;
	2808 :	000000000000;
	2807 :	000000000000;
	2806 :	000000000000;
	2805 :	000000000000;
	2804 :	000000000000;
	2803 :	000000000000;
	2802 :	000000000000;
	2801 :	000000000000;
	2800 :	000000000000;
	2799 :	000000000000;
	2798 :	000000000000;
	2797 :	000000000000;
	2796 :	000000000000;
	2795 :	000000000000;
	2794 :	000000000000;
	2793 :	011001110111;
	2792 :	000100001100;
	2791 :	101011010101;
	2790 :	000000000000;
	2789 :	100111011110;
	2788 :	101011110001;
	2787 :	010100011001;
	2786 :	111111111101;
	2785 :	110001101000;
	2784 :	101101001100;
	2783 :	101100110100;
	2782 :	111111111001;
	2781 :	001000100010;
	2780 :	111000001101;
	2779 :	010100000001;
	2778 :	111111110100;
	2777 :	000000000000;
	2776 :	000000000000;
	2775 :	000000000000;
	2774 :	000000000000;
	2773 :	000000000000;
	2772 :	000000000000;
	2771 :	000000000000;
	2770 :	000000000000;
	2769 :	011010011101;
	2768 :	011111101110;
	2767 :	011001001000;
	2766 :	000000000001;
	2765 :	011010011101;
	2764 :	011111101110;
	2763 :	011001001000;
	2762 :	000000000010;
	2761 :	011010011101;
	2760 :	011111101110;
	2759 :	011001001000;
	2758 :	000000000011;
	2757 :	101101011110;
	2756 :	100100101001;
	2755 :	101101011110;
	2754 :	010000011011;
	2753 :	000000000000;
	2752 :	100011010010;
	2751 :	001011001110;
	2750 :	100011010110;
	2749 :	001011100110;
	2748 :	100011010110;
	2747 :	001011100010;
	2746 :	100011010110;
	2745 :	001011011110;
	2744 :	100011010110;
	2743 :	000011011010;
	2742 :	110011010110;
	2741 :	100011010010;
	2740 :	110011010010;
	2739 :	011011001110;
	2738 :	000011010010;
	2737 :	100100000111;
	2736 :	000000000000;
	2735 :	110011010010;
	2734 :	010011010010;
	2733 :	000011001010;
	2732 :	100100000111;
	2731 :	101010110001;
	2730 :	111111001000;
	2729 :	001000100101;
	2728 :	000000000000;
	2727 :	010011001110;
	2726 :	000011010010;
	2725 :	100100000111;
	2724 :	011000011011;
	2723 :	111000100000;
	2722 :	001000011011;
	2721 :	000000000000;
	2720 :	110011010010;
	2719 :	100100000111;
	2718 :	101010100101;
	2717 :	111111001000;
	2716 :	001000100101;
	2715 :	000000000000;
	2714 :	010011001010;
	2713 :	110011010010;
	2712 :	100011000110;
	2711 :	010011010010;
	2710 :	000011010110;
	2709 :	110011010010;
	2708 :	111000000000;
	2707 :	100100000111;
	2706 :	100100101011;
	2705 :	000000000000;
	2704 :	110011010110;
	2703 :	011011000110;
	2702 :	100100000111;
	2701 :	011000011011;
	2700 :	111000100000;
	2699 :	100100101001;
	2698 :	101101011110;
	2697 :	111111000000;
	2696 :	001000100101;
	2695 :	101010001101;
	2694 :	111111100000;
	2693 :	001000100101;
	2692 :	000000000000;
	2691 :	010011010010;
	2690 :	000011001110;
	2689 :	110011010010;
	2688 :	100100000111;
	2687 :	000000000000;
	2686 :	000000000000;
	2685 :	000000000000;
	2684 :	000000000000;
	2683 :	000000000000;
	2682 :	000000000000;
	2681 :	000000000000;
	2680 :	000000000000;
	2679 :	000000000000;
	2678 :	101111110011;
	2677 :	111010100000;
	2676 :	100100101001;
	2675 :	000000000000;
	2674 :	000000000000;
	2673 :	100100001100;
	2672 :	010110001011;
	2671 :	000000000000;
	2670 :	100111010110;
	2669 :	001111011101;
	2668 :	100101100100;
	2667 :	111111111001;
	2666 :	100011000100;
	2665 :	010010011110;
	2664 :	111111111100;
	2663 :	000111111001;
	2662 :	100111100110;
	2661 :	111111111101;
	2660 :	011011000001;
	2659 :	010101011101;
	2658 :	111111111110;
	2657 :	111010001001;
	2656 :	100001001011;
	2655 :	111111111110;
	2654 :	000011000111;
	2653 :	010101001111;
	2652 :	111111111111;
	2651 :	100001000000;
	2650 :	100000000000;
	2649 :	111111111111;
	2648 :	111111100010;
	2647 :	011111111111;
	2646 :	000000000000;
	2645 :	101110011100;
	2644 :	000000000000;
	2643 :	001110011101;
	2642 :	100111101110;
	2641 :	001011010110;
	2640 :	100111101110;
	2639 :	001011011001;
	2638 :	100111101110;
	2637 :	001011011100;
	2636 :	100111101110;
	2635 :	001011011111;
	2634 :	100111101110;
	2633 :	001011100010;
	2632 :	100111101110;
	2631 :	001011100101;
	2630 :	100111101110;
	2629 :	001011101000;
	2628 :	100011101011;
	2627 :	110111101110;
	2626 :	010110011111;
	2625 :	000111101110;
	2624 :	110110011101;
	2623 :	100011101111;
	2622 :	100100000111;
	2621 :	011111101110;
	2620 :	111000000001;
	2619 :	011000100111;
	2618 :	011000100110;
	2617 :	011000100101;
	2616 :	001111101110;
	2615 :	111000100000;
	2614 :	011000100100;
	2613 :	001000000101;
	2612 :	011000011011;
	2611 :	111010100000;
	2610 :	000000000000;
	2609 :	110111101110;
	2608 :	011111101110;
	2607 :	000110011111;
	2606 :	100100000111;
	2605 :	101010110100;
	2604 :	111111000000;
	2603 :	101101011110;
	2602 :	111100101000;
	2601 :	001000100101;
	2600 :	000000000000;
	2599 :	010110011111;
	2598 :	110111101110;
	2597 :	100100000111;
	2596 :	100100101001;
	2595 :	111111001000;
	2594 :	100101110110;
	2593 :	111100101000;
	2592 :	001000100101;
	2591 :	100111001110;
	2590 :	101011001110;
	2589 :	101011010010;
	2588 :	101011000010;
	2587 :	101110011100;
	2586 :	000000000000;
	2585 :	010110011101;
	2584 :	000110011110;
	2583 :	110110011101;
	2582 :	100100000111;
	2581 :	101110011100;
	2580 :	010011110010;
	2579 :	100111011010;
	2578 :	101110010011;
	2577 :	011011110010;
	2576 :	111010100000;
	2575 :	000000000000;
	2574 :	110110011101;
	2573 :	011110011101;
	2572 :	000110011111;
	2571 :	100100000111;
	2570 :	101010010001;
	2569 :	111111001000;
	2568 :	001000100101;
	2567 :	000000000000;
	2566 :	010110011111;
	2565 :	110110011101;
	2564 :	100100000111;
	2563 :	011000011011;
	2562 :	100011110011;
	2561 :	111111001000;
	2560 :	001000100101;
	2559 :	000000000000;
	2558 :	111000101010;
	2557 :	011100010111;
	2556 :	111111111101;
	2555 :	010011010011;
	2554 :	010100010111;
	2553 :	000000000000;
	2552 :	001110100110;
	2551 :	010100011111;
	2550 :	000000000000;
	2549 :	101100101100;
	2548 :	011011000110;
	2547 :	111111111011;
	2546 :	100100011100;
	2545 :	011011000100;
	2544 :	111111111111;
	2543 :	001110100011;
	2542 :	010100011111;
	2541 :	000000000000;
	2540 :	101000010100;
	2539 :	101111101100;
	2538 :	000000000000;
	2537 :	011011010110;
	2536 :	100110111101;
	2535 :	001011101101;
	2534 :	100110111110;
	2533 :	001011110000;
	2532 :	100110111110;
	2531 :	000011110011;
	2530 :	110011010110;
	2529 :	001011110110;
	2528 :	100110111110;
	2527 :	001011111001;
	2526 :	100011111100;
	2525 :	110110111110;
	2524 :	100110111101;
	2523 :	000110111101;
	2522 :	100100000111;
	2521 :	000000000000;
	2520 :	000000000000;
	2519 :	000000000000;
	2518 :	000000000000;
	2517 :	000000000000;
	2516 :	101001110011;
	2515 :	000000000000;
	2514 :	010000000000;
	2513 :	000000000010;
	2512 :	000000000000;
	2511 :	010000000000;
	2510 :	000000000001;
	2509 :	010100011101;
	2508 :	010111000101;
	2507 :	000000000001;
	2506 :	101011100001;
	2505 :	010101110110;
	2504 :	000000000111;
	2503 :	000011100011;
	2502 :	101100101100;
	2501 :	000000001010;
	2500 :	101001101111;
	2499 :	010001101111;
	2498 :	111111111100;
	2497 :	001100000010;
	2496 :	010011111010;
	2495 :	000000000100;
	2494 :	101011010110;
	2493 :	101011010010;
	2492 :	101101011110;
	2491 :	000000000000;
	2490 :	011110111101;
	2489 :	000011001110;
	2488 :	110110111101;
	2487 :	100100000111;
	2486 :	101101011110;
	2485 :	010000011011;
	2484 :	011000100100;
	2483 :	001000100100;
	2482 :	001011010101;
	2481 :	000000000000;
	2480 :	001011001110;
	2479 :	100011010001;
	2478 :	011011010110;
	2477 :	000110111101;
	2476 :	110011010110;
	2475 :	001011010110;
	2474 :	100110111110;
	2473 :	000011000010;
	2472 :	110011010110;
	2471 :	001010111111;
	2470 :	010110111101;
	2469 :	011011010110;
	2468 :	000011000101;
	2467 :	110011010110;
	2466 :	001011001000;
	2465 :	110110111110;
	2464 :	100110111101;
	2463 :	110110111101;
	2462 :	010110111110;
	2461 :	000110111101;
	2460 :	110110111110;
	2459 :	111000000000;
	2458 :	100100000111;
	2457 :	011011010101;
	2456 :	100100101011;
	2455 :	000000000000;
	2454 :	110110111101;
	2453 :	100011001011;
	2452 :	100100000111;
	2451 :	011000011011;
	2450 :	100111010100;
	2449 :	111111001000;
	2448 :	001000100101;
	2447 :	000000000000;
	2446 :	000000000000;
	2445 :	000000000000;
	2444 :	000000000000;
	2443 :	000000000000;
	2442 :	000000000000;
	2441 :	000000000000;
	2440 :	000000000000;
	2439 :	000000000000;
	2438 :	000000000000;
	2437 :	000000000000;
	2436 :	000000000000;
	2435 :	000000000000;
	2434 :	000000000000;
	2433 :	000000000000;
	2432 :	000000000000;
	2431 :	101111111001;
	2430 :	001100011000;
	2429 :	010000011000;
	2428 :	001100011111;
	2427 :	100101100000;
	2426 :	011000110001;
	2425 :	010011100100;
	2424 :	100100110010;
	2423 :	100000000010;
	2422 :	000000000010;
	2421 :	000000000111;
	2420 :	010110101100;
	2419 :	110011010010;
	2418 :	010000000100;
	2417 :	010110110001;
	2416 :	011000000110;
	2415 :	100110001111;
	2414 :	000101110000;
	2413 :	010111010101;
	2412 :	000100000001;
	2411 :	001001101110;
	2410 :	001001101011;
	2409 :	110011000111;
	2408 :	110011001011;
	2407 :	010010001100;
	2406 :	101111100111;
	2405 :	011000011101;
	2404 :	001011101111;
	2403 :	001011101110;
	2402 :	001001000100;
	2401 :	111111001000;
	2400 :	100011111001;
	2399 :	001011110000;
	2398 :	101011011011;
	2397 :	010000101111;
	2396 :	011100001001;
	2395 :	001011101101;
	2394 :	011000001001;
	2393 :	001011101100;
	2392 :	011000101111;
	2391 :	001001010000;
	2390 :	001011110110;
	2389 :	111111001000;
	2388 :	101011100100;
	2387 :	111100101000;
	2386 :	100011111001;
	2385 :	001011110000;
	2384 :	110000000010;
	2383 :	000100010001;
	2382 :	100101100000;
	2381 :	110000000001;
	2380 :	110000100110;
	2379 :	010100011000;
	2378 :	010100011000;
	2377 :	010100011000;
	2376 :	010100011000;
	2375 :	010100011000;
	2374 :	010100011000;
	2373 :	010100011000;
	2372 :	101011001001;
	2371 :	111111001000;
	2370 :	001001011000;
	2369 :	001000101111;
	2368 :	101010110110;
	2367 :	110000100001;
	2366 :	010000101111;
	2365 :	110000000000;
	2364 :	110000000000;
	2363 :	110000000000;
	2362 :	110000000000;
	2361 :	110000000000;
	2360 :	110000000000;
	2359 :	110000000000;
	2358 :	110000000000;
	2357 :	110000100110;
	2356 :	101011001100;
	2355 :	010111110001;
	2354 :	101011001011;
	2353 :	011111110011;
	2352 :	001010001010;
	2351 :	011111110100;
	2350 :	001001000000;
	2349 :	101011001010;
	2348 :	111110101000;
	2347 :	001011110110;
	2346 :	111011100100;
	2345 :	101010110101;
	2344 :	111110101000;
	2343 :	001011110111;
	2342 :	111011101100;
	2341 :	101011000111;
	2340 :	011111101011;
	2339 :	001011101001;
	2338 :	011111101010;
	2337 :	001011101000;
	2336 :	101010100110;
	2335 :	111111000000;
	2334 :	110011011001;
	2333 :	110011100100;
	2332 :	111001000001;
	2331 :	101011000110;
	2330 :	111110101000;
	2329 :	111000000001;
	2328 :	000000000010;
	2327 :	000000001111;
	2326 :	110001100001;
	2325 :	101011001000;
	2324 :	111010000000;
	2323 :	110001100001;
	2322 :	001011110110;
	2321 :	110001100001;
	2320 :	001011110101;
	2319 :	101010010110;
	2318 :	111110101000;
	2317 :	110001111001;
	2316 :	111010000000;
	2315 :	110001110111;
	2314 :	111000100000;
	2313 :	011000000000;
	2312 :	001011111000;
	2311 :	100011111001;
	2310 :	001011110010;
	2309 :	101010000011;
	2308 :	010000101111;
	2307 :	011100001100;
	2306 :	111011000000;
	2305 :	110111111010;
	2304 :	110011100110;
	2303 :	110000001010;
	2302 :	110111110010;
	2301 :	110001101010;
	2300 :	110000111111;
	2299 :	110001100010;
	2298 :	011001111110;
	2297 :	001011111000;
	2296 :	010111100001;
	2295 :	000000000000;
	2294 :	000000000000;
	2293 :	000000000000;
	2292 :	000000000000;
	2291 :	000000000000;
	2290 :	000000000000;
	2289 :	000000000000;
	2288 :	000000000000;
	2287 :	000000000000;
	2286 :	000000000000;
	2285 :	000000000000;
	2284 :	000000000000;
	2283 :	000000000000;
	2282 :	000000000000;
	2281 :	000000000000;
	2280 :	000000000000;
	2279 :	000000000000;
	2278 :	000000000000;
	2277 :	000000000000;
	2276 :	000000000000;
	2275 :	000000000000;
	2274 :	000000000000;
	2273 :	000000000000;
	2272 :	000000000000;
	2271 :	000000000000;
	2270 :	000000000000;
	2269 :	000000000000;
	2268 :	000000000000;
	2267 :	000000000000;
	2266 :	000000000000;
	2265 :	000000000000;
	2264 :	000000000000;
	2263 :	000000000000;
	2262 :	000000000000;
	2261 :	000000000000;
	2260 :	000000000000;
	2259 :	000000000000;
	2258 :	000000000000;
	2257 :	000000000000;
	2256 :	000000000000;
	2255 :	000000000000;
	2254 :	000000000000;
	2253 :	000000000000;
	2252 :	000000000000;
	2251 :	000000000000;
	2250 :	000000000000;
	2249 :	000000000000;
	2248 :	000000000000;
	2247 :	000000000000;
	2246 :	000000000000;
	2245 :	000000000000;
	2244 :	000000000000;
	2243 :	000000000000;
	2242 :	000000000000;
	2241 :	000000000000;
	2240 :	000000000000;
	2239 :	000000000000;
	2238 :	000000000000;
	2237 :	000000000000;
	2236 :	000000000000;
	2235 :	000000000000;
	2234 :	000000000000;
	2233 :	000000000000;
	2232 :	000000000000;
	2231 :	000000000000;
	2230 :	000000000000;
	2229 :	000000000000;
	2228 :	000000000000;
	2227 :	000000000000;
	2226 :	000000000000;
	2225 :	000000000000;
	2224 :	000000000000;
	2223 :	000000000000;
	2222 :	000000000000;
	2221 :	000000000000;
	2220 :	000000000000;
	2219 :	000000000000;
	2218 :	000000000000;
	2217 :	000000000000;
	2216 :	000000000000;
	2215 :	000000000000;
	2214 :	000000000000;
	2213 :	000000000000;
	2212 :	000000000000;
	2211 :	000000000000;
	2210 :	000000000000;
	2209 :	000000000000;
	2208 :	000000000000;
	2207 :	000000000000;
	2206 :	000000000000;
	2205 :	000000000000;
	2204 :	000000000000;
	2203 :	000000000000;
	2202 :	000000000000;
	2201 :	000000000000;
	2200 :	000000000000;
	2199 :	000000000000;
	2198 :	000000000000;
	2197 :	000000000000;
	2196 :	000000000000;
	2195 :	000000000000;
	2194 :	000000000000;
	2193 :	000000000000;
	2192 :	000000000000;
	2191 :	000000000000;
	2190 :	000000000000;
	2189 :	000000000000;
	2188 :	000000000000;
	2187 :	000000000000;
	2186 :	000000000000;
	2185 :	000000000000;
	2184 :	000000000000;
	2183 :	000000000000;
	2182 :	000000000000;
	2181 :	000000000000;
	2180 :	000000000000;
	2179 :	000000000000;
	2178 :	000000000000;
	2177 :	000000000000;
	2176 :	000000000000;
	2175 :	000000000000;
	2174 :	000000000000;
	2173 :	000000000000;
	2172 :	000000000000;
	2171 :	000000000000;
	2170 :	000000000000;
	2169 :	000000000000;
	2168 :	000000000000;
	2167 :	000000000000;
	2166 :	000000000000;
	2165 :	000000000000;
	2164 :	000000000000;
	2163 :	000000000000;
	2162 :	000000000000;
	2161 :	000000000000;
	2160 :	000000000000;
	2159 :	000000000000;
	2158 :	000000000000;
	2157 :	000000000000;
	2156 :	000000000000;
	2155 :	000000000000;
	2154 :	000000000000;
	2153 :	000000000000;
	2152 :	000000000000;
	2151 :	000000000000;
	2150 :	000000000000;
	2149 :	000000000000;
	2148 :	000000000000;
	2147 :	000000000000;
	2146 :	000000000000;
	2145 :	000000000000;
	2144 :	000000000000;
	2143 :	000000000000;
	2142 :	000000000000;
	2141 :	000000000000;
	2140 :	000000000000;
	2139 :	000000000000;
	2138 :	000000000000;
	2137 :	000000000000;
	2136 :	000000000000;
	2135 :	000000000000;
	2134 :	000000000000;
	2133 :	000000000000;
	2132 :	000000000000;
	2131 :	000000000000;
	2130 :	000000000000;
	2129 :	000000000000;
	2128 :	000000000000;
	2127 :	000000000000;
	2126 :	000000000000;
	2125 :	000000000000;
	2124 :	000000000000;
	2123 :	000000000000;
	2122 :	000000000000;
	2121 :	000000000000;
	2120 :	000000000000;
	2119 :	000000000000;
	2118 :	000000000000;
	2117 :	000000000000;
	2116 :	000000000000;
	2115 :	000000000000;
	2114 :	000000000000;
	2113 :	000000000000;
	2112 :	000000000000;
	2111 :	000000000000;
	2110 :	000000000000;
	2109 :	000000000000;
	2108 :	000000000000;
	2107 :	000000000000;
	2106 :	000000000000;
	2105 :	000000000000;
	2104 :	000000000000;
	2103 :	000000000000;
	2102 :	000000000000;
	2101 :	000000000000;
	2100 :	000000000000;
	2099 :	000000000000;
	2098 :	000000000000;
	2097 :	000000000000;
	2096 :	000000000000;
	2095 :	000000000000;
	2094 :	000000000000;
	2093 :	000000000000;
	2092 :	000000000000;
	2091 :	000000000000;
	2090 :	000000000000;
	2089 :	000000000000;
	2088 :	000000000000;
	2087 :	000000000000;
	2086 :	000000000000;
	2085 :	000000000000;
	2084 :	000000000000;
	2083 :	000000000000;
	2082 :	000000000000;
	2081 :	000000000000;
	2080 :	000000000000;
	2079 :	000000000000;
	2078 :	000000000000;
	2077 :	000000000000;
	2076 :	000000000000;
	2075 :	000000000000;
	2074 :	000000000000;
	2073 :	000000000000;
	2072 :	000000000000;
	2071 :	000000000000;
	2070 :	000000000000;
	2069 :	000000000000;
	2068 :	000000000000;
	2067 :	000000000000;
	2066 :	000000000000;
	2065 :	000000000000;
	2064 :	000000000000;
	2063 :	000000000000;
	2062 :	000000000000;
	2061 :	000000000000;
	2060 :	000000000000;
	2059 :	000000000000;
	2058 :	000000000000;
	2057 :	000000000000;
	2056 :	000000000000;
	2055 :	000000000000;
	2054 :	000000000000;
	2053 :	000000000000;
	2052 :	000000000000;
	2051 :	000000000000;
	2050 :	000000000000;
	2049 :	000000000000;
	2048 :	000000000000;
	2047 :	000000000000;
	2046 :	000000000000;
	2045 :	000000000000;
	2044 :	000000000000;
	2043 :	000000000000;
	2042 :	000000000000;
	2041 :	000000000000;
	2040 :	000000000000;
	2039 :	000000000000;
	2038 :	000000000000;
	2037 :	000000000000;
	2036 :	000000000000;
	2035 :	000000000000;
	2034 :	000000000000;
	2033 :	000000000000;
	2032 :	000000000000;
	2031 :	111111001101;
	2030 :	111011010010;
	2029 :	111101110001;
	2028 :	010010000101;
	2027 :	010100100000;
	2026 :	010011000101;
	2025 :	010101010000;
	2024 :	000000000000;
	2023 :	111111001101;
	2022 :	101110110100;
	2021 :	110001110000;
	2020 :	000111100000;
	2019 :	100010111011;
	2018 :	100111100000;
	2017 :	001110001111;
	2016 :	100000100111;
	2015 :	001111010010;
	2014 :	100111100000;
	2013 :	000101010011;
	2012 :	100111011001;
	2011 :	010010100000;
	2010 :	010111000101;
	2009 :	001110010011;
	2008 :	100000000001;
	2007 :	010011000101;
	2006 :	000101000001;
	2005 :	010000001100;
	2004 :	100001100010;
	2003 :	010100100000;
	2002 :	010100111100;
	2001 :	011111101000;
	2000 :	111111001101;
	1999 :	101110111000;
	1998 :	110001110000;
	1997 :	110110101100;
	1996 :	110000101110;
	1995 :	101001110001;
	1994 :	001110001111;
	1993 :	101101110000;
	1992 :	010010000101;
	1991 :	100000101000;
	1990 :	001001000110;
	1989 :	010100110010;
	1988 :	011111010001;
	1987 :	111111001101;
	1986 :	111011010010;
	1985 :	101101110001;
	1984 :	000101111101;
	1983 :	100000010010;
	1982 :	000101010100;
	1981 :	100000010011;
	1980 :	010100101101;
	1979 :	011111000100;
	1978 :	111111001101;
	1977 :	101110110101;
	1976 :	110001110000;
	1975 :	110101101100;
	1974 :	101110110100;
	1973 :	110001110000;
	1972 :	110101101100;
	1971 :	110000101110;
	1970 :	100000110001;
	1969 :	010011101001;
	1968 :	011001000101;
	1967 :	101101110000;
	1966 :	010010000101;
	1965 :	100000101000;
	1964 :	111011001001;
	1963 :	010010000101;
	1962 :	000001100000;
	1961 :	010100101000;
	1960 :	011110111011;
	1959 :	111111001101;
	1958 :	111101110000;
	1957 :	011000000110;
	1956 :	010011100000;
	1955 :	000101011010;
	1954 :	011110101000;
	1953 :	111111001101;
	1952 :	100000010010;
	1951 :	110001111011;
	1950 :	111101101101;
	1949 :	011000000110;
	1948 :	010011100000;
	1947 :	000100110010;
	1946 :	011110100010;
	1945 :	111111001101;
	1944 :	111011010010;
	1943 :	101110110101;
	1942 :	101001110010;
	1941 :	010010000101;
	1940 :	100000101000;
	1939 :	001001000110;
	1938 :	110000111011;
	1937 :	100000110001;
	1936 :	000100001111;
	1935 :	100010111011;
	1934 :	100000011111;
	1933 :	001110000101;
	1932 :	010011001001;
	1931 :	000011001111;
	1930 :	101100100000;
	1929 :	001110000101;
	1928 :	010011001001;
	1927 :	100000100010;
	1926 :	111011010100;
	1925 :	101110110010;
	1924 :	100000110010;
	1923 :	000100001111;
	1922 :	000100101000;
	1921 :	011110011010;
	1920 :	111111001101;
	1919 :	101110110100;
	1918 :	101100110010;
	1917 :	101110110100;
	1916 :	101100110010;
	1915 :	101110111001;
	1914 :	101001110010;
	1913 :	010010000101;
	1912 :	100000101000;
	1911 :	001001000110;
	1910 :	110000111011;
	1909 :	100000110001;
	1908 :	000100001111;
	1907 :	000100011110;
	1906 :	011110000001;
	1905 :	111111001101;
	1904 :	100000011111;
	1903 :	010100001110;
	1902 :	100000000001;
	1901 :	010000101100;
	1900 :	000101011000;
	1899 :	101100100000;
	1898 :	001111000111;
	1897 :	100010001100;
	1896 :	010100100000;
	1895 :	000100011001;
	1894 :	011101110010;
	1893 :	111111001101;
	1892 :	100000100010;
	1891 :	001001001110;
	1890 :	010100000001;
	1889 :	010010000101;
	1888 :	001001100000;
	1887 :	001100100000;
	1886 :	000001001100;
	1885 :	010011001000;
	1884 :	100001100010;
	1883 :	010100100000;
	1882 :	000100010100;
	1881 :	011101100110;
	1880 :	111111001101;
	1879 :	111101110001;
	1878 :	011000000110;
	1877 :	010100100000;
	1876 :	010011000101;
	1875 :	000100001111;
	1874 :	011101011001;
	1873 :	111111001101;
	1872 :	100001100001;
	1871 :	101110100010;
	1870 :	000101010010;
	1869 :	010101010100;
	1868 :	001101010000;
	1867 :	000011001111;
	1866 :	100010100000;
	1865 :	010100100000;
	1864 :	000011011010;
	1863 :	011101010010;
	1862 :	111111001101;
	1861 :	100010110101;
	1860 :	010100100000;
	1859 :	111001111011;
	1858 :	110001101110;
	1857 :	010000101001;
	1856 :	010000000100;
	1855 :	100000101000;
	1854 :	001001000110;
	1853 :	000011010000;
	1852 :	011101000111;
	1851 :	111111001101;
	1850 :	101111010011;
	1849 :	100010111000;
	1848 :	010100100000;
	1847 :	111000111011;
	1846 :	110001101110;
	1845 :	110001101001;
	1844 :	010000101101;
	1843 :	010000000100;
	1842 :	100000101000;
	1841 :	001001000110;
	1840 :	000011000110;
	1839 :	011100111100;
	1838 :	111111001101;
	1837 :	100010111000;
	1836 :	010100100000;
	1835 :	110111111011;
	1834 :	110001101110;
	1833 :	110010101001;
	1832 :	010000101101;
	1831 :	010000000100;
	1830 :	100000101000;
	1829 :	001001000110;
	1828 :	000010111100;
	1827 :	011100101111;
	1826 :	111111001101;
	1825 :	001001100010;
	1824 :	111000101111;
	1823 :	100000100010;
	1822 :	111011010100;
	1821 :	101110110110;
	1820 :	101001110001;
	1819 :	101101110011;
	1818 :	000100010000;
	1817 :	101000010000;
	1816 :	000110100000;
	1815 :	111011001001;
	1814 :	101101100010;
	1813 :	000100010000;
	1812 :	100010010000;
	1811 :	010100100000;
	1810 :	000010110010;
	1809 :	011100100011;
	1808 :	111111001101;
	1807 :	101101111000;
	1806 :	001110000011;
	1805 :	001100001001;
	1804 :	100000100010;
	1803 :	111011010100;
	1802 :	101110110101;
	1801 :	101001110001;
	1800 :	101101110100;
	1799 :	000100010000;
	1798 :	101000010000;
	1797 :	001001100000;
	1796 :	000010101000;
	1795 :	011100010001;
	1794 :	111111001101;
	1793 :	111000100010;
	1792 :	000010101101;
	1791 :	001100000001;
	1790 :	100000100010;
	1789 :	111011010100;
	1788 :	101110110100;
	1787 :	101001110001;
	1786 :	101101110101;
	1785 :	000100010000;
	1784 :	101000010000;
	1783 :	001001100000;
	1782 :	000010011110;
	1781 :	011100000011;
	1780 :	111111001101;
	1779 :	111011010010;
	1778 :	110010100010;
	1777 :	101101110001;
	1776 :	000100010000;
	1775 :	100010010000;
	1774 :	010100100000;
	1773 :	000010011011;
	1772 :	011011110101;
	1771 :	111111001101;
	1770 :	111011010010;
	1769 :	001100100010;
	1768 :	111000101111;
	1767 :	010000101101;
	1766 :	010000000100;
	1765 :	100000100010;
	1764 :	111011010100;
	1763 :	110010110111;
	1762 :	110001101110;
	1761 :	110000101100;
	1760 :	101110110011;
	1759 :	100000110001;
	1758 :	110110101001;
	1757 :	010000101101;
	1756 :	010000000100;
	1755 :	100000101000;
	1754 :	001001000110;
	1753 :	000010011010;
	1752 :	011011101100;
	1751 :	111111001101;
	1750 :	111011010010;
	1749 :	100001100001;
	1748 :	101110100010;
	1747 :	000101000100;
	1746 :	000011000101;
	1745 :	010010001111;
	1744 :	100010010000;
	1743 :	100000100001;
	1742 :	100000010100;
	1741 :	110010111011;
	1740 :	001111100000;
	1739 :	111011000100;
	1738 :	101110111001;
	1737 :	100000110001;
	1736 :	000100001111;
	1735 :	110110111011;
	1734 :	101110110010;
	1733 :	100000110001;
	1732 :	111011000100;
	1731 :	110001110001;
	1730 :	110010011110;
	1729 :	010000101010;
	1728 :	010000000100;
	1727 :	010000111101;
	1726 :	010000000100;
	1725 :	010100100000;
	1724 :	010011000101;
	1723 :	000010011001;
	1722 :	011011011000;
	1721 :	111111001101;
	1720 :	000001100000;
	1719 :	001110100000;
	1718 :	100000001111;
	1717 :	111001100111;
	1716 :	111001110110;
	1715 :	101100110001;
	1714 :	000001001100;
	1713 :	001111000011;
	1712 :	100111000110;
	1711 :	000100100000;
	1710 :	000100000101;
	1709 :	001111000001;
	1708 :	100000001100;
	1707 :	001100011001;
	1706 :	010101001100;
	1705 :	010011000110;
	1704 :	000101010011;
	1703 :	000011000011;
	1702 :	010011010101;
	1701 :	000101100000;
	1700 :	000001010110;
	1699 :	100000001000;
	1698 :	001111010101;
	1697 :	100010011001;
	1696 :	100000100001;
	1695 :	010100100000;
	1694 :	000010010100;
	1693 :	011010111010;
	1692 :	111111001101;
	1691 :	100001100010;
	1690 :	010011100001;
	1689 :	001111001110;
	1688 :	010100001001;
	1687 :	001100000001;
	1686 :	010100010101;
	1685 :	010010000001;
	1684 :	001110000111;
	1683 :	000011001111;
	1682 :	100001100010;
	1681 :	010100100000;
	1680 :	000010001010;
	1679 :	011010011101;
	1678 :	111111001101;
	1677 :	110110111001;
	1676 :	110001111001;
	1675 :	001100101100;
	1674 :	000011000001;
	1673 :	000110001111;
	1672 :	000011101101;
	1671 :	000000000000;
	1670 :	011010001111;
	1669 :	000000000000;
	1668 :	000000000000;
	1667 :	000000000000;
	1666 :	000000000000;
	1665 :	000000000000;
	1664 :	000000000000;
	1663 :	000000000000;
	1662 :	000000000000;
	1661 :	000000000000;
	1660 :	000000000000;
	1659 :	000000000000;
	1658 :	000000000000;
	1657 :	000000000000;
	1656 :	000000000000;
	1655 :	000000000000;
	1654 :	000000000000;
	1653 :	000000000000;
	1652 :	000000000000;
	1651 :	000000000000;
	1650 :	000000000000;
	1649 :	000000000000;
	1648 :	000000000000;
	1647 :	000000000000;
	1646 :	000000000000;
	1645 :	000000000000;
	1644 :	000000000000;
	1643 :	000000000000;
	1642 :	000000000000;
	1641 :	000000000000;
	1640 :	000000000000;
	1639 :	000000000000;
	1638 :	000000000000;
	1637 :	000000000000;
	1636 :	000000000000;
	1635 :	000000000000;
	1634 :	000000000000;
	1633 :	000000000000;
	1632 :	000000000000;
	1631 :	000000000000;
	1630 :	000000000000;
	1629 :	000000000000;
	1628 :	000000000000;
	1627 :	000000000000;
	1626 :	000000000000;
	1625 :	000000000000;
	1624 :	000000000000;
	1623 :	000000000000;
	1622 :	000000000000;
	1621 :	000000000000;
	1620 :	000000000000;
	1619 :	000000000000;
	1618 :	000000000000;
	1617 :	000000000000;
	1616 :	000000000000;
	1615 :	101000101001;
	1614 :	000000000000;
	1613 :	011001001101;
	1612 :	010100100010;
	1611 :	101010101011;
	1610 :	001000011000;
	1609 :	001001001001;
	1608 :	001000111000;
	1607 :	100101101001;
	1606 :	001000111111;
	1605 :	100101011000;
	1604 :	000000000000;
	1603 :	000100011000;
	1602 :	100100000111;
	1601 :	010000011000;
	1600 :	100101101001;
	1599 :	100101100101;
	1598 :	100111001100;
	1597 :	001100011000;
	1596 :	010000011000;
	1595 :	100101101001;
	1594 :	100101100101;
	1593 :	100101101001;
	1592 :	100101100101;
	1591 :	100101101001;
	1590 :	100101100101;
	1589 :	011000010000;
	1588 :	011000001111;
	1587 :	001011001101;
	1586 :	011011001110;
	1585 :	001100011000;
	1584 :	101101100001;
	1583 :	111110101000;
	1582 :	001000011000;
	1581 :	111000100001;
	1580 :	001000011001;
	1579 :	011000011000;
	1578 :	001000110000;
	1577 :	000011011100;
	1576 :	101010011001;
	1575 :	011100111001;
	1574 :	101010011000;
	1573 :	111110100000;
	1572 :	001000000110;
	1571 :	000001000001;
	1570 :	001100111001;
	1569 :	010101011000;
	1568 :	101110100001;
	1567 :	011000110001;
	1566 :	000001000001;
	1565 :	001100111001;
	1564 :	011000001000;
	1563 :	001000001000;
	1562 :	111000100000;
	1561 :	011000110010;
	1560 :	111000100000;
	1559 :	101010011111;
	1558 :	111110100000;
	1557 :	001001000011;
	1556 :	000001010010;
	1555 :	001100111001;
	1554 :	101010100010;
	1553 :	010000110010;
	1552 :	111000000000;
	1551 :	011000111001;
	1550 :	001000001000;
	1549 :	100101101001;
	1548 :	001010101001;
	1547 :	101110100001;
	1546 :	111111000000;
	1545 :	001000010111;
	1544 :	111000100001;
	1543 :	001000001000;
	1542 :	101010001100;
	1541 :	111110100000;
	1540 :	001000110010;
	1539 :	101001111111;
	1538 :	011001101010;
	1537 :	001001010110;
	1536 :	100101101001;
	1535 :	001000111111;
	1534 :	100101101011;
	1533 :	100101101001;
	1532 :	100101101001;
	1531 :	001001000001;
	1530 :	011000110111;
	1529 :	101011111111;
	1528 :	111100101000;
	1527 :	001100010010;
	1526 :	010000010010;
	1525 :	100101101011;
	1524 :	100101101001;
	1523 :	001001000001;
	1522 :	110000100110;
	1521 :	111000100000;
	1520 :	011010110100;
	1519 :	001010110011;
	1518 :	011010110101;
	1517 :	001010110011;
	1516 :	011000011100;
	1515 :	101011101001;
	1514 :	010000101111;
	1513 :	011100001000;
	1512 :	111000000000;
	1511 :	011000001000;
	1510 :	001010110011;
	1509 :	111000100000;
	1508 :	011000101111;
	1507 :	001001000101;
	1506 :	010000001110;
	1505 :	011000110111;
	1504 :	001001010011;
	1503 :	101011100010;
	1502 :	110000000010;
	1501 :	101011011011;
	1500 :	111110100000;
	1499 :	001000001110;
	1498 :	110000000001;
	1497 :	011000110111;
	1496 :	001011010110;
	1495 :	111010100000;
	1494 :	000000000000;
	1493 :	011011010110;
	1492 :	101110111110;
	1491 :	110000000001;
	1490 :	011010110100;
	1489 :	001010110011;
	1488 :	000001000111;
	1487 :	111000000001;
	1486 :	001010110100;
	1485 :	011110110100;
	1484 :	001010110110;
	1483 :	101011010011;
	1482 :	011000001110;
	1481 :	110000100110;
	1480 :	001010110110;
	1479 :	101011001100;
	1478 :	111110100000;
	1477 :	001000001110;
	1476 :	110000000010;
	1475 :	101011000001;
	1474 :	111110100000;
	1473 :	001110110100;
	1472 :	110000000001;
	1471 :	011010110110;
	1470 :	000000000000;
	1469 :	101110110110;
	1468 :	001010111110;
	1467 :	011000011100;
	1466 :	011010111110;
	1465 :	101010110111;
	1464 :	111101101000;
	1463 :	001000011100;
	1462 :	000000000000;
	1461 :	011001010000;
	1460 :	011001010000;
	1459 :	011001010000;
	1458 :	000000000000;
	1457 :	101100000000;
	1456 :	110000000001;
	1455 :	001010000000;
	1454 :	111001000100;
	1453 :	001010000001;
	1452 :	111000000000;
	1451 :	110001000001;
	1450 :	110010100100;
	1449 :	011000011111;
	1448 :	110000001010;
	1447 :	101010101010;
	1446 :	110000001001;
	1445 :	011000011100;
	1444 :	001010110010;
	1443 :	100101110110;
	1442 :	111110100000;
	1441 :	001000011100;
	1440 :	101011100000;
	1439 :	111110101000;
	1438 :	001010000010;
	1437 :	001010110010;
	1436 :	011010110010;
	1435 :	001001010011;
	1434 :	101010100110;
	1433 :	111100101000;
	1432 :	000001000110;
	1431 :	110000011110;
	1430 :	101010100110;
	1429 :	110000011001;
	1428 :	011010110101;
	1427 :	001010110011;
	1426 :	000001000111;
	1425 :	111000000001;
	1424 :	001010110101;
	1423 :	011110110101;
	1422 :	011000001110;
	1421 :	110000100100;
	1420 :	101010010101;
	1419 :	111100101000;
	1418 :	001110110101;
	1417 :	011000001110;
	1416 :	110000100010;
	1415 :	101010010101;
	1414 :	110000100001;
	1413 :	011010000001;
	1412 :	111000001000;
	1411 :	011010000000;
	1410 :	111101111101;
	1409 :	000000000000;
	1408 :	000000000000;
	1407 :	000000000000;
	1406 :	000000000000;
	1405 :	000000000000;
	1404 :	000000000000;
	1403 :	000000000000;
	1402 :	000000000000;
	1401 :	000000000000;
	1400 :	000000000000;
	1399 :	000000000000;
	1398 :	000000000000;
	1397 :	000000000000;
	1396 :	000000000000;
	1395 :	101111011101;
	1394 :	011000110010;
	1393 :	111000100000;
	1392 :	011000110001;
	1391 :	100101101111;
	1390 :	111110100000;
	1389 :	011000000100;
	1388 :	000001100000;
	1387 :	000011111111;
	1386 :	000000100000;
	1385 :	100101110110;
	1384 :	101111011101;
	1383 :	111110010000;
	1382 :	001000001000;
	1381 :	001000000101;
	1380 :	111001100001;
	1379 :	001000001011;
	1378 :	011000110001;
	1377 :	011100001000;
	1376 :	001000110001;
	1375 :	101011101111;
	1374 :	010000110010;
	1373 :	000000000000;
	1372 :	101011010100;
	1371 :	100011011101;
	1370 :	001001010010;
	1369 :	101111000010;
	1368 :	111000000000;
	1367 :	100011011101;
	1366 :	111100100000;
	1365 :	000001010010;
	1364 :	001000111001;
	1363 :	101011011010;
	1362 :	111110101000;
	1361 :	001011101100;
	1360 :	111100100000;
	1359 :	001011101110;
	1358 :	000011101100;
	1357 :	001000111001;
	1356 :	011000111001;
	1355 :	001011101011;
	1354 :	101111101101;
	1353 :	111100101000;
	1352 :	001001000001;
	1351 :	001011101010;
	1350 :	111100101000;
	1349 :	001000110110;
	1348 :	111000100001;
	1347 :	001001001000;
	1346 :	000000000000;
	1345 :	101010111100;
	1344 :	001000111110;
	1343 :	100100110011;
	1342 :	001000111111;
	1341 :	101110110101;
	1340 :	100100110011;
	1339 :	001000111111;
	1338 :	101010111110;
	1337 :	111100101000;
	1336 :	001001001110;
	1335 :	001000110110;
	1334 :	111100101000;
	1333 :	000000000000;
	1332 :	101110100010;
	1331 :	100101101001;
	1330 :	001001001011;
	1329 :	001000011010;
	1328 :	100101101001;
	1327 :	001000011011;
	1326 :	111010000000;
	1325 :	101010101000;
	1324 :	111101000000;
	1323 :	001010001011;
	1322 :	001000011010;
	1321 :	011000011010;
	1320 :	010000011011;
	1319 :	101010101010;
	1318 :	011000011011;
	1317 :	001001001011;
	1316 :	011000011010;
	1315 :	000001000110;
	1314 :	000000000000;
	1313 :	101110010101;
	1312 :	100101101001;
	1311 :	011000110110;
	1310 :	001011101110;
	1309 :	100010100010;
	1308 :	001000110111;
	1307 :	100101101001;
	1306 :	001001000010;
	1305 :	100010100010;
	1304 :	000001010010;
	1303 :	100101101111;
	1302 :	001000110111;
	1301 :	000000000000;
	1300 :	101110001100;
	1299 :	001001010011;
	1298 :	101010001101;
	1297 :	111100101000;
	1296 :	000001000110;
	1295 :	110000011110;
	1294 :	101010001101;
	1293 :	110000011001;
	1292 :	000000000000;
	1291 :	111111110110;
	1290 :	000000000000;
	1289 :	000000000000;
	1288 :	000000000000;
	1287 :	000000000000;
	1286 :	010000000000;
	1285 :	000000000001;
	1284 :	110010101000;
	1283 :	000111101111;
	1282 :	000111101111;
	1281 :	110010000010;
	1280 :	000110001100;
	1279 :	001010101011;
	1278 :	101111110000;
	1277 :	011000011001;
	1276 :	001000110000;
	1275 :	011000110000;
	1274 :	111000000001;
	1273 :	001000001000;
	1272 :	011100001000;
	1271 :	111100100000;
	1270 :	001000110001;
	1269 :	011100010101;
	1268 :	001000110000;
	1267 :	011100110000;
	1266 :	001100010101;
	1265 :	111000000000;
	1264 :	000000000000;
	1263 :	111110100001;
	1262 :	111111100000;
	1261 :	101011011100;
	1260 :	111000001010;
	1259 :	111000001010;
	1258 :	111001001010;
	1257 :	001000010001;
	1256 :	011000010000;
	1255 :	111000100000;
	1254 :	011000010001;
	1253 :	001100001111;
	1252 :	101111011000;
	1251 :	001011101110;
	1250 :	001000110110;
	1249 :	101011001011;
	1248 :	111110101000;
	1247 :	001001000011;
	1246 :	001000110110;
	1245 :	011000110110;
	1244 :	000001010010;
	1243 :	001000010001;
	1242 :	101011100101;
	1241 :	010000010000;
	1240 :	000000000000;
	1239 :	101011000101;
	1238 :	001001001000;
	1237 :	101010111101;
	1236 :	011001000000;
	1235 :	111000000001;
	1234 :	111110101000;
	1233 :	001001000000;
	1232 :	101011010110;
	1231 :	111110100000;
	1230 :	001000010110;
	1229 :	101010111110;
	1228 :	111000100000;
	1227 :	100011011000;
	1226 :	101110111100;
	1225 :	100101101001;
	1224 :	111110101000;
	1223 :	001001000000;
	1222 :	001000010110;
	1221 :	011000110110;
	1220 :	001000111101;
	1219 :	101011001110;
	1218 :	111100101000;
	1217 :	001000110110;
	1216 :	001011101111;
	1215 :	001000000110;
	1214 :	111111001000;
	1213 :	100011011000;
	1212 :	000000000000;
	1211 :	101110100010;
	1210 :	011000010000;
	1209 :	011000001111;
	1208 :	111000000001;
	1207 :	001000010011;
	1206 :	010010100010;
	1205 :	111100001000;
	1204 :	101010100110;
	1203 :	111100100000;
	1202 :	001100010011;
	1201 :	011000010101;
	1200 :	001000010011;
	1199 :	101010110111;
	1198 :	111110011000;
	1197 :	101010110110;
	1196 :	111100101000;
	1195 :	001100001001;
	1194 :	111001100001;
	1193 :	001000110111;
	1192 :	011000001001;
	1191 :	001000010011;
	1190 :	011000010011;
	1189 :	001001011011;
	1188 :	011000010101;
	1187 :	001001011011;
	1186 :	000000000000;
	1185 :	101101100001;
	1184 :	011000011001;
	1183 :	001000110000;
	1182 :	101010010101;
	1181 :	011000110111;
	1180 :	001100010011;
	1179 :	101010001111;
	1178 :	100101110011;
	1177 :	001100010011;
	1176 :	111111000000;
	1175 :	001000110101;
	1174 :	010000010011;
	1173 :	100101110101;
	1172 :	011000001000;
	1171 :	001000110000;
	1170 :	100101101100;
	1169 :	101001111111;
	1168 :	011000011001;
	1167 :	001000110000;
	1166 :	011101011011;
	1165 :	011000110000;
	1164 :	001001011101;
	1163 :	100101110110;
	1162 :	111100100000;
	1161 :	001001001010;
	1160 :	001000110110;
	1159 :	101010001011;
	1158 :	101010010010;
	1157 :	101010011111;
	1156 :	100101110100;
	1155 :	000011011000;
	1154 :	010101110111;
	1153 :	010110011001;
	1152 :	010111000010;
	1151 :	010101111101;
	1150 :	010110101100;
	1149 :	010110010101;
	1148 :	010110010100;
	1147 :	010101111010;
	1146 :	010101001111;
	1145 :	010110011000;
	1144 :	010101110101;
	1143 :	010110011110;
	1142 :	010110101000;
	1141 :	010101011011;
	1140 :	101111101101;
	1139 :	100101101001;
	1138 :	101111101101;
	1137 :	001110010011;
	1136 :	100101101000;
	1135 :	011000110110;
	1134 :	100100110100;
	1133 :	000000000000;
	1132 :	101010110011;
	1131 :	101011101000;
	1130 :	010000011010;
	1129 :	011100001001;
	1128 :	001100001010;
	1127 :	011000001000;
	1126 :	001000101111;
	1125 :	001000001000;
	1124 :	011000011010;
	1123 :	001000001010;
	1122 :	111000100000;
	1121 :	001000001000;
	1120 :	011000110000;
	1119 :	001000110000;
	1118 :	001000101111;
	1117 :	011000001010;
	1116 :	001000010011;
	1115 :	111000100000;
	1114 :	001000101111;
	1113 :	011000001001;
	1112 :	001000010011;
	1111 :	111000100000;
	1110 :	101011001001;
	1109 :	001000011010;
	1108 :	011100111001;
	1107 :	001000011010;
	1106 :	001000101111;
	1105 :	111110011000;
	1104 :	001000011010;
	1103 :	111001100001;
	1102 :	001000010011;
	1101 :	011000011010;
	1100 :	101011010111;
	1099 :	111100101000;
	1098 :	001100111001;
	1097 :	011000111001;
	1096 :	001001011011;
	1095 :	011100010101;
	1094 :	001100010011;
	1093 :	111000000000;
	1092 :	101001111111;
	1091 :	111110101000;
	1090 :	001000010011;
	1089 :	111000100001;
	1088 :	001001011011;
	1087 :	011000101111;
	1086 :	001000010011;
	1085 :	111000100000;
	1084 :	001000001111;
	1083 :	101010110111;
	1082 :	111110100000;
	1081 :	001001001110;
	1080 :	001000110110;
	1079 :	100101100101;
	1078 :	010000010110;
	1077 :	101110110010;
	1076 :	100101101101;
	1075 :	110000000010;
	1074 :	000000000000;
	1073 :	101110100111;
	1072 :	100101100101;
	1071 :	100101110110;
	1070 :	111110100000;
	1069 :	001000101100;
	1068 :	111000100001;
	1067 :	001100001011;
	1066 :	001010011100;
	1065 :	011000101101;
	1064 :	001100001011;
	1063 :	000000000000;
	1062 :	101110011101;
	1061 :	010010011101;
	1060 :	111111100000;
	1059 :	001001010000;
	1058 :	001000101100;
	1057 :	101110011101;
	1056 :	111111000000;
	1055 :	001001010001;
	1054 :	001000101100;
	1053 :	000000000000;
	1052 :	000000000011;
	1051 :	000000000000;
	1050 :	000000000000;
	1049 :	000000000000;
	1048 :	000000000000;
	1047 :	001110010010;
	1046 :	101110010111;
	1045 :	100010100111;
	1044 :	011000011000;
	1043 :	001001010101;
	1042 :	000000000000;
	1041 :	110010011000;
	1040 :	111000000000;
	1039 :	100100000111;
	1038 :	100100101001;
	1037 :	111111001000;
	1036 :	001010011001;
	1035 :	000000100100;
	1034 :	100101100100;
	1033 :	010100000101;
	1032 :	100101100011;
	1031 :	000010111101;
	1030 :	000010001101;
	1029 :	000010111011;
	1028 :	000010101100;
	1027 :	000010111110;
	1026 :	000011011101;
	1025 :	000010101001;
	1024 :	000010111100;
	1023 :	000011011011;
	1022 :	000010101000;
	1021 :	000011011110;
	1020 :	000010101010;
	1019 :	000010101111;
	1018 :	000010101101;
	1017 :	000010101011;
	1016 :	000010100000;
	1015 :	101101011110;
	1014 :	010000001011;
	1013 :	100010000001;
	1012 :	100101110110;
	1011 :	100101110010;
	1010 :	110010000111;
	1009 :	010001110100;
	1008 :	100101100111;
	1007 :	001100001011;
	1006 :	100010000001;
	1005 :	100101110110;
	1004 :	100101110010;
	1003 :	101011100011;
	1002 :	001000110110;
	1001 :	111001000100;
	1000 :	001000101110;
	999 :	101011101100;
	998 :	001111110111;
	997 :	100101101000;
	996 :	100101100101;
	995 :	011000101110;
	994 :	101010010010;
	993 :	000000100100;
	992 :	100101100100;
	991 :	100101011001;
	990 :	011000011110;
	989 :	011000011000;
	988 :	001001010101;
	987 :	000000100100;
	986 :	100101100011;
	985 :	000100011000;
	984 :	101010010000;
	983 :	101011100011;
	982 :	101011011010;
	981 :	101011110011;
	980 :	100101110100;
	979 :	100101100101;
	978 :	011000101101;
	977 :	001000010100;
	976 :	000000000000;
	975 :	100101100011;
	974 :	011011010000;
	973 :	001000011000;
	972 :	100101100010;
	971 :	001000101101;
	970 :	101011110101;
	969 :	111100001000;
	968 :	100101110010;
	967 :	101010101101;
	966 :	011000101101;
	965 :	001100001011;
	964 :	101101100001;
	963 :	111110101000;
	962 :	001000101101;
	961 :	001000010100;
	960 :	011000011000;
	959 :	001001010101;
	958 :	000000000000;
	957 :	110101010101;
	956 :	000000000000;
	955 :	100100000111;
	954 :	000000100100;
	953 :	100101100100;
	952 :	111110100000;
	951 :	001000101101;
	950 :	011010111100;
	949 :	001011011001;
	948 :	111000001010;
	947 :	111001001010;
	946 :	001000101101;
	945 :	101011001000;
	944 :	111111001000;
	943 :	001000101101;
	942 :	111000100001;
	941 :	001000010100;
	940 :	011000010100;
	939 :	111111000000;
	938 :	001001010001;
	937 :	001000010100;
	936 :	011000010100;
	935 :	001000101100;
	934 :	100101110110;
	933 :	111100001000;
	932 :	100101110010;
	931 :	101011110011;
	930 :	111111001000;
	929 :	001001010001;
	928 :	001000101100;
	927 :	101011010011;
	926 :	111110101000;
	925 :	111000000001;
	924 :	101010100111;
	923 :	111100101000;
	922 :	001000101100;
	921 :	001001001001;
	920 :	011000011000;
	919 :	001001011111;
	918 :	100101110110;
	917 :	000011111111;
	916 :	000010001010;
	915 :	101010100100;
	914 :	100101110100;
	913 :	001100000111;
	912 :	100101100000;
	911 :	101011100011;
	910 :	101011011010;
	909 :	101010010111;
	908 :	100101110100;
	907 :	011000101101;
	906 :	100101100101;
	905 :	100101100010;
	904 :	001010000001;
	903 :	100101100010;
	902 :	001000101110;
	901 :	100101100010;
	900 :	001000101101;
	899 :	100101100010;
	898 :	001000101100;
	897 :	000000000000;
	896 :	000110001100;
	895 :	000110001000;
	894 :	001010101011;
	893 :	001010101011;
	892 :	011000101010;
	891 :	001010100110;
	890 :	001010101001;
	889 :	001010011010;
	888 :	001010100001;
	887 :	101100111001;
	886 :	011000111001;
	885 :	001100001011;
	884 :	011000010010;
	883 :	001001011111;
	882 :	101101011110;
	881 :	011000100100;
	880 :	011011011000;
	879 :	000000000000;
	878 :	110011011000;
	877 :	100011101000;
	876 :	001011011000;
	875 :	100100000111;
	874 :	101111011011;
	873 :	010011011011;
	872 :	111111101000;
	871 :	001011010111;
	870 :	001000110110;
	869 :	101111011011;
	868 :	111111001000;
	867 :	001000101100;
	866 :	011000101100;
	865 :	001011010110;
	864 :	001000110110;
	863 :	010011011011;
	862 :	111110100000;
	861 :	001001001101;
	860 :	001000110110;
	859 :	000000000000;
	858 :	000000000000;
	857 :	010000000000;
	856 :	000000000000;
	855 :	111101000111;
	854 :	111101010000;
	853 :	101011010000;
	852 :	100101100101;
	851 :	101111001111;
	850 :	111110100000;
	849 :	001001001100;
	848 :	001000110110;
	847 :	000000000000;
	846 :	101101100001;
	845 :	010000011000;
	844 :	010000011000;
	843 :	101010101100;
	842 :	111110100000;
	841 :	001011001111;
	840 :	111000100001;
	839 :	001100001001;
	838 :	011000001001;
	837 :	001000011000;
	836 :	101101100001;
	835 :	000000000000;
	834 :	110100011000;
	833 :	000101011111;
	832 :	100100000111;
	831 :	010000011000;
	830 :	011100011000;
	829 :	001011001111;
	828 :	010000011000;
	827 :	011100011000;
	826 :	001000110001;
	825 :	011000011001;
	824 :	001000111000;
	823 :	001000011001;
	822 :	100101110110;
	821 :	111110010000;
	820 :	001000001011;
	819 :	111001100001;
	818 :	001000000101;
	817 :	001000011001;
	816 :	001110000001;
	815 :	010000100111;
	814 :	101010100001;
	813 :	001000111000;
	812 :	001000011000;
	811 :	101011000101;
	810 :	111110101000;
	809 :	001000110001;
	808 :	111000100001;
	807 :	001100011000;
	806 :	101010110001;
	805 :	111111101000;
	804 :	001000011001;
	803 :	111000100001;
	802 :	001000011000;
	801 :	011000011000;
	800 :	001000110000;
	799 :	011011001111;
	798 :	100100101011;
	797 :	100110101111;
	796 :	011000110001;
	795 :	001100001011;
	794 :	100110110000;
	793 :	011000101110;
	792 :	001000110001;
	791 :	101010011111;
	790 :	100101110010;
	789 :	101010010001;
	788 :	101010010110;
	787 :	001111110111;
	786 :	100101101000;
	785 :	100101100101;
	784 :	011000110001;
	783 :	001000110001;
	782 :	000001010010;
	781 :	001000110110;
	780 :	101010010110;
	779 :	001111110111;
	778 :	100101101000;
	777 :	100101100101;
	776 :	100101100110;
	775 :	011000110010;
	774 :	100101110110;
	773 :	000010001101;
	772 :	000010100010;
	771 :	100101110100;
	770 :	000010001101;
	769 :	000010111011;
	768 :	000010101100;
	767 :	000010100000;
	766 :	000010100100;
	765 :	000010100011;
	764 :	000010100001;
	763 :	000010100010;
	762 :	000010100101;
	761 :	001011001010;
	760 :	000010110001;
	759 :	001010111001;
	758 :	001011000010;
	757 :	010111100000;
	756 :	001010111000;
	755 :	001010111011;
	754 :	101111101100;
	753 :	111010000000;
	752 :	101011101111;
	751 :	110000100001;
	750 :	110000010110;
	749 :	110000100110;
	748 :	000000000000;
	747 :	101101011110;
	746 :	110000000001;
	745 :	011000100110;
	744 :	110011110010;
	743 :	101011100110;
	742 :	110011011010;
	741 :	110011111101;
	740 :	111000000000;
	739 :	100100101011;
	738 :	101111001100;
	737 :	111011000000;
	736 :	010011001100;
	735 :	101100111001;
	734 :	011000111001;
	733 :	001100111001;
	732 :	011000111001;
	731 :	001111001100;
	730 :	001000001010;
	729 :	101011010100;
	728 :	111110100000;
	727 :	001000111001;
	726 :	101011100000;
	725 :	111101001000;
	724 :	001100001010;
	723 :	011000001010;
	722 :	010011001100;
	721 :	001111001100;
	720 :	011000111001;
	719 :	111000100001;
	718 :	001000110110;
	717 :	111100101000;
	716 :	000000000000;
	715 :	101011000110;
	714 :	100101100110;
	713 :	001010111001;
	712 :	000000111001;
	711 :	100101100111;
	710 :	100101101010;
	709 :	011000110010;
	708 :	011000001000;
	707 :	111000000001;
	706 :	001000110000;
	705 :	101010111011;
	704 :	100101100110;
	703 :	001010111001;
	702 :	000000111110;
	701 :	100101100111;
	700 :	100101101001;
	699 :	100101100101;
	698 :	010000010110;
	697 :	011001000000;
	696 :	100100110100;
	695 :	011000010111;
	694 :	001000001000;
	693 :	011100001000;
	692 :	001000110111;
	691 :	011000110010;
	690 :	011000001000;
	689 :	001000110000;
	688 :	100101110110;
	687 :	100101101101;
	686 :	100101101100;
	685 :	000010111010;
	684 :	101010000100;
	683 :	100101100101;
	682 :	100101101001;
	681 :	001000111111;
	680 :	111000100000;
	679 :	100100110011;
	678 :	001000111111;
	677 :	101010000100;
	676 :	011000101010;
	675 :	001000110111;
	674 :	100101101100;
	673 :	100101100101;
	672 :	101010011011;
	671 :	100101101001;
	670 :	000111111011;
	669 :	001100000011;
	668 :	100101100111;
	667 :	100101100101;
	666 :	010000010110;
	665 :	101010000011;
	664 :	100101011000;
	663 :	001110001011;
	662 :	100101100000;
	661 :	101010000010;
	660 :	011000110110;
	659 :	001100001011;
	658 :	100101011001;
	657 :	111000000001;
	656 :	010000011110;
	655 :	100101101001;
	654 :	001010101101;
	653 :	100101100010;
	652 :	001000110110;
	651 :	001100000011;
	650 :	100101100000;
	649 :	101010010110;
	648 :	010000101110;
	647 :	000001111110;
	646 :	001011111001;
	645 :	100101100111;
	644 :	011000010110;
	643 :	011000101110;
	642 :	111010100000;
	641 :	110011110001;
	640 :	001101110011;
	639 :	000001111111;
	638 :	001010101110;
	637 :	000110011101;
	636 :	010010000100;
	635 :	111101000011;
	634 :	001010000011;
	633 :	001010000010;
	632 :	000110001100;
	631 :	000110000011;
	630 :	000100010000;
	629 :	001000001011;
	628 :	001000100001;
	627 :	001000100001;
	626 :	101101011110;
	625 :	111010000000;
	624 :	100100101011;
	623 :	111100001000;
	622 :	110000101111;
	621 :	001100001011;
	620 :	111010000000;
	619 :	110000110011;
	618 :	100100101011;
	617 :	001110001010;
	616 :	100101100000;
	615 :	100101110110;
	614 :	111110100000;
	613 :	001011011110;
	612 :	001000110110;
	611 :	100101100010;
	610 :	100100101011;
	609 :	101011000001;
	608 :	010100000101;
	607 :	100101100011;
	606 :	111101010100;
	605 :	111101000011;
	604 :	101011000001;
	603 :	111100111000;
	602 :	100101100011;
	601 :	100101100010;
	600 :	001000011000;
	599 :	101101100001;
	598 :	111111100000;
	597 :	001000100101;
	596 :	000000000000;
	595 :	010101010101;
	594 :	110100011000;
	593 :	001111011011;
	592 :	000100011000;
	591 :	100100000111;
	590 :	011000011000;
	589 :	001100001011;
	588 :	111100111000;
	587 :	100101100100;
	586 :	010000011000;
	585 :	100101100100;
	584 :	000000001111;
	583 :	100101100100;
	582 :	000110001000;
	581 :	100101100000;
	580 :	000000001111;
	579 :	100101100011;
	578 :	010000011000;
	577 :	100101100011;
	576 :	001110001010;
	575 :	100101100000;
	574 :	010000011000;
	573 :	100101100011;
	572 :	100101110110;
	571 :	111001111100;
	570 :	001011111111;
	569 :	100101100111;
	568 :	001110001010;
	567 :	100101100000;
	566 :	100101100010;
	565 :	001000011000;
	564 :	100101110110;
	563 :	111001111111;
	562 :	001011111111;
	561 :	100101100111;
	560 :	000000000000;
	559 :	110100011000;
	558 :	100100000111;
	557 :	011000011000;
	556 :	001100001011;
	555 :	001110001010;
	554 :	100101100000;
	553 :	100101100010;
	552 :	001000011000;
	551 :	100101110110;
	550 :	111100100000;
	549 :	001011011101;
	548 :	001000110110;
	547 :	100101110000;
	546 :	001100000011;
	545 :	100101100000;
	544 :	010000100111;
	543 :	001110000001;
	542 :	101010010101;
	541 :	100101100101;
	540 :	101010011000;
	539 :	100101100101;
	538 :	111011111001;
	537 :	001011111111;
	536 :	100101100111;
	535 :	101111110111;
	534 :	111100001000;
	533 :	010000011010;
	532 :	111111101000;
	531 :	010000011010;
	530 :	111101001000;
	529 :	001000100101;
	528 :	011000011010;
	527 :	001001001001;
	526 :	100110100000;
	525 :	010000001011;
	524 :	100110011111;
	523 :	100101110100;
	522 :	000010001010;
	521 :	000011010010;
	520 :	000011010001;
	519 :	000011001101;
	518 :	000011010111;
	517 :	000011000101;
	516 :	000011001100;
	515 :	000011010100;
	514 :	000011000001;
	513 :	000011000011;
	512 :	000011000111;
	511 :	000011000100;
	510 :	000011001001;
	509 :	000011000110;
	508 :	000011010011;
	507 :	000110001100;
	506 :	000110001000;
	505 :	001000011101;
	504 :	101111101110;
	503 :	011100000010;
	502 :	110111111110;
	501 :	100101100111;
	500 :	100101101010;
	499 :	101111101110;
	498 :	100101100101;
	497 :	101011110100;
	496 :	111110100000;
	495 :	001000011110;
	494 :	000000000000;
	493 :	101111100100;
	492 :	010011100100;
	491 :	111110101000;
	490 :	001000111001;
	489 :	000001000100;
	488 :	001000110111;
	487 :	011000111001;
	486 :	111000100001;
	485 :	000001000100;
	484 :	000000000000;
	483 :	101111010001;
	482 :	111011000000;
	481 :	010011010001;
	480 :	010011010001;
	479 :	111100001000;
	478 :	011000101100;
	477 :	001000001010;
	476 :	111000100000;
	475 :	001111010001;
	474 :	101011010100;
	473 :	111110100000;
	472 :	001000110110;
	471 :	111000100001;
	470 :	101011100000;
	469 :	111101001000;
	468 :	001100001010;
	467 :	011000001010;
	466 :	001111010001;
	465 :	000000000000;
	464 :	101111000000;
	463 :	010011000000;
	462 :	010011000000;
	461 :	101111000000;
	460 :	111100001000;
	459 :	101111000000;
	458 :	100101110001;
	457 :	101011001111;
	456 :	111110101000;
	455 :	001010000010;
	454 :	010011000000;
	453 :	001000110110;
	452 :	101111000000;
	451 :	001111110111;
	450 :	100101101000;
	449 :	100101110000;
	448 :	000000000000;
	447 :	101010110100;
	446 :	100101101001;
	445 :	101010111001;
	444 :	111111101000;
	443 :	001000110101;
	442 :	101101100001;
	441 :	011000010110;
	440 :	101010101011;
	439 :	001000010011;
	438 :	101010011111;
	437 :	011000110111;
	436 :	001100011000;
	435 :	101010111011;
	434 :	100101110011;
	433 :	001100011000;
	432 :	111111000000;
	431 :	001000110101;
	430 :	011000011000;
	429 :	111000000001;
	428 :	101010111001;
	427 :	111100101000;
	426 :	001100010011;
	425 :	101010100100;
	424 :	111110100000;
	423 :	001001001110;
	422 :	001000110110;
	421 :	100101101001;
	420 :	100101100101;
	419 :	100101101011;
	418 :	111110100000;
	417 :	001000110111;
	416 :	101010110111;
	415 :	100101101101;
	414 :	010000010110;
	413 :	100101101100;
	412 :	100101110110;
	411 :	000001110111;
	410 :	000111111011;
	409 :	100101100111;
	408 :	001100001011;
	407 :	101010010011;
	406 :	111100001000;
	405 :	001011111110;
	404 :	100101101000;
	403 :	100101100101;
	402 :	100101100010;
	401 :	000000111101;
	400 :	001000110110;
	399 :	101010001000;
	398 :	001011111110;
	397 :	100101101000;
	396 :	101101100001;
	395 :	111110101000;
	394 :	001001001110;
	393 :	001000110110;
	392 :	100101100101;
	391 :	011000010010;
	390 :	001000010011;
	389 :	100101110110;
	388 :	100101101101;
	387 :	100101101100;
	386 :	111100111010;
	385 :	000110001100;
	384 :	000110001000;
	383 :	001000110101;
	382 :	010111010101;
	381 :	001001011111;
	380 :	001000111101;
	379 :	000010010111;
	378 :	000010001111;
	377 :	000010001010;
	376 :	010111100000;
	375 :	101111101100;
	374 :	101011110011;
	373 :	010000111001;
	372 :	011100001001;
	371 :	001100001011;
	370 :	011000111001;
	369 :	001001001111;
	368 :	011000001001;
	367 :	010011101100;
	366 :	001111101100;
	365 :	111010100000;
	364 :	000000000000;
	363 :	101111011100;
	362 :	100011001000;
	361 :	001001001111;
	360 :	101011100101;
	359 :	010000111001;
	358 :	011100001011;
	357 :	001100001001;
	356 :	011000111001;
	355 :	001001001111;
	354 :	100011001000;
	353 :	001001001111;
	352 :	010011011100;
	351 :	011000001001;
	350 :	001111011100;
	349 :	111010100000;
	348 :	000000000000;
	347 :	101100111001;
	346 :	100011001000;
	345 :	111000100000;
	344 :	011100001011;
	343 :	111000000001;
	342 :	001011010001;
	341 :	100011001000;
	340 :	111000100000;
	339 :	011000111001;
	338 :	001111010001;
	337 :	000000000000;
	336 :	101111001000;
	335 :	100101110110;
	334 :	111110011000;
	333 :	001000011001;
	332 :	111001100001;
	331 :	001000001011;
	330 :	011000001011;
	329 :	001000001011;
	328 :	000000000000;
	327 :	101110111111;
	326 :	100011001000;
	325 :	111000100000;
	324 :	011100001011;
	323 :	001000111001;
	322 :	100011001000;
	321 :	111000100000;
	320 :	011000111001;
	319 :	000000000000;
	318 :	000110001001;
	317 :	101110111110;
	316 :	011000010010;
	315 :	001100001011;
	314 :	000000001111;
	313 :	100101100100;
	312 :	000000110101;
	311 :	100101100100;
	310 :	000110001000;
	309 :	100101100000;
	308 :	100101110110;
	307 :	100101101101;
	306 :	101010010101;
	305 :	011000110111;
	304 :	001100011000;
	303 :	101010111001;
	302 :	100101110011;
	301 :	001100011000;
	300 :	101010110000;
	299 :	111111100000;
	298 :	001000110101;
	297 :	011000011000;
	296 :	111000000001;
	295 :	101010111001;
	294 :	111100101000;
	293 :	001100010010;
	292 :	000000110101;
	291 :	100101100100;
	290 :	000110000110;
	289 :	100101100000;
	288 :	100101110110;
	287 :	100101110011;
	286 :	001100001001;
	285 :	011000001001;
	284 :	001000010011;
	283 :	111000000000;
	282 :	100101101101;
	281 :	101010110011;
	280 :	111111001000;
	279 :	001000110101;
	278 :	000000110101;
	277 :	100101100011;
	276 :	000000001111;
	275 :	100101100011;
	274 :	100101100010;
	273 :	001000010010;
	272 :	100101101100;
	271 :	101110001011;
	270 :	111000000110;
	269 :	111000000110;
	268 :	111001000110;
	267 :	000000000000;
	266 :	010111010101;
	265 :	010111010101;
	264 :	010111010101;
	263 :	111100000000;
	262 :	101010000000;
	261 :	101010000101;
	260 :	101000100000;
	259 :	100110010000;
	258 :	101000000000;
	257 :	001011100011;
	256 :	001101101011;
	255 :	001001100010;
	254 :	001001110000;
	253 :	010000001000;
	252 :	010000001100;
	251 :	010000000000;
	250 :	111111100000;
	249 :	101110000000;
	248 :	101111000010;
	247 :	011000110101;
	246 :	111000000100;
	245 :	111000010000;
	244 :	001011111011;
	243 :	111110100000;
	242 :	100101110110;
	241 :	111100110000;
	240 :	000001000110;
	239 :	001000110111;
	238 :	111000010000;
	237 :	111110100000;
	236 :	000001000100;
	235 :	001000110111;
	234 :	111001000000;
	233 :	100101110110;
	232 :	111100001000;
	231 :	101011100000;
	230 :	100101110001;
	229 :	100101100101;
	228 :	011000110111;
	227 :	001000110111;
	226 :	001000101100;
	225 :	101011101010;
	224 :	100101110110;
	223 :	100101110001;
	222 :	100101100101;
	221 :	011000110111;
	220 :	001000110111;
	219 :	111000000100;
	218 :	001000101100;
	217 :	111001000110;
	216 :	001000101100;
	215 :	101011101010;
	214 :	101011100000;
	213 :	100101110001;
	212 :	100101100101;
	211 :	100101110001;
	210 :	011000110111;
	209 :	111000000100;
	208 :	100101101111;
	207 :	001000100111;
	206 :	100101110110;
	205 :	111110100000;
	204 :	001000100110;
	203 :	000011111010;
	202 :	001000100111;
	201 :	100111111001;
	200 :	011000011110;
	199 :	101011010010;
	198 :	111110101000;
	197 :	001001001010;
	196 :	001000110110;
	195 :	100101110000;
	194 :	000000000000;
	193 :	101010011010;
	192 :	111000000001;
	191 :	001000010010;
	190 :	011000010010;
	189 :	101001111111;
	188 :	111100101000;
	187 :	001100010010;
	186 :	000110001001;
	185 :	100101100000;
	184 :	101001111111;
	183 :	100101101110;
	182 :	100101110101;
	181 :	101010110000;
	180 :	111110100000;
	179 :	001001001110;
	178 :	001000110110;
	177 :	100101100110;
	176 :	100101100101;
	175 :	111100001000;
	174 :	100101110000;
	173 :	011100001000;
	172 :	001000110111;
	171 :	011000110010;
	170 :	011000001000;
	169 :	001000110000;
	168 :	100101110110;
	167 :	111110100000;
	166 :	001000110101;
	165 :	001001010100;
	164 :	100101101100;
	163 :	010000010110;
	162 :	101010111001;
	161 :	101011110010;
	160 :	100101110001;
	159 :	100101110000;
	158 :	011000001011;
	157 :	001000011101;
	156 :	100101100101;
	155 :	011000010000;
	154 :	011000001111;
	153 :	001001011010;
	152 :	100101100110;
	151 :	100101100110;
	150 :	011010010000;
	149 :	000010101010;
	148 :	101010001111;
	147 :	100101100110;
	146 :	000100111100;
	145 :	000000111011;
	144 :	100101100111;
	143 :	100101101010;
	142 :	011000010111;
	141 :	001001011010;
	140 :	011000110010;
	139 :	011000001000;
	138 :	001001011010;
	137 :	100101101001;
	136 :	001010010101;
	135 :	011000001011;
	134 :	001010010110;
	133 :	011000010110;
	132 :	011001000000;
	131 :	111000000001;
	130 :	011000010010;
	129 :	001001011111;
	128 :	101101111110;
	127 :	111110001000;
	126 :	100011111001;
	125 :	000000000000;
	124 :	000000000000;
	123 :	000000000000;
	122 :	000000000000;
	121 :	000000000000;
	120 :	000000000000;
	119 :	000000000000;
	118 :	010111010110;
	117 :	010000110010;
	116 :	000111000000;
	115 :	000111100100;
	114 :	010000011101;
	113 :	001101011011;
	112 :	001101001111;
	111 :	000100001011;
	110 :	010011110000;
	109 :	010010100010;
	108 :	000011000010;
	107 :	010100010101;
	106 :	010001101101;
	105 :	010100110101;
	104 :	000111010001;
	103 :	001011001100;
	102 :	010101000010;
	101 :	010010111100;
	100 :	000101101100;
	99 :	000101011100;
	98 :	000100111111;
	97 :	001101110101;
	96 :	000101010001;
	95 :	010100000111;
	94 :	010000001111;
	93 :	011010001111;
	92 :	011001100000;
	91 :	011010000110;
	90 :	011001100000;
	89 :	110010000000;
	88 :	110000000000;
	87 :	101111001101;
	86 :	010001101101;
	85 :	010000011000;
	84 :	100000000000;
	83 :	000010000000;
	82 :	000000111111;
	81 :	111111110111;
	80 :	111111111011;
	79 :	111111111101;
	78 :	111101110011;
	77 :	111101010010;
	76 :	111101100000;
	75 :	000010110000;
	74 :	111100111111;
	73 :	111111111110;
	72 :	000010111111;
	71 :	000000001111;
	70 :	000001111111;
	69 :	111111110000;
	68 :	111110000000;
	67 :	111111000001;
	66 :	000010101110;
	65 :	111111000000;
	64 :	111100000010;
	63 :	000010001101;
	62 :	000010001010;
	61 :	000011011111;
	60 :	000010000011;
	59 :	000010000111;
	58 :	000010001100;
	57 :	000000000000;
	56 :	000000000101;
	55 :	000000000000;
	54 :	000010001101;
	53 :	000000000001;
	52 :	010110110110;
	51 :	010110111110;
	50 :	010100001100;
	49 :	001011101100;
	48 :	011111110000;
	47 :	111111110000;
	46 :	000000000000;
	45 :	000000000000;
	44 :	000000000000;
	43 :	110111010100;
	42 :	010000000100;
	41 :	110110000011;
	40 :	000000000000;
	39 :	000000000000;
	38 :	000000000000;
	37 :	000000000000;
	36 :	000000000000;
	35 :	000000000000;
	34 :	000000000000;
	33 :	000000000000;
	32 :	000000000000;
	31 :	000000000000;
	30 :	000000000000;
	29 :	100011111000;
	28 :	000000000000;
	27 :	000000000000;
	26 :	000000000000;
	25 :	011111110000;
	24 :	000000000000;
	23 :	000000000000;
	22 :	000000000001;
	21 :	000000000000;
	20 :	000000000000;
	19 :	000000000000;
	18 :	010100000111;
	17 :	000000000000;
	16 :	000000000000;
	15 :	011010001101;
	14 :	111100000010;
	13 :	000000000000;
	12 :	011001001111;
	11 :	100011111000;
	10 :	000000000000;
	9 :	000000000000;
	8 :	000000000000;
	7 :	110100000000;
	6 :	000001000000;
	5 :	000000001011;
	4 :	000000000100;
	3 :	010110000011;
	2 :	101100000011;
	1 :	101100000011;
	0 :	000000000000;
END;
